ranking_date,strategy_id,ticker,score,portfolio_rank,position_dollars,ranking_status,strategy_rank,portfolio_universe_source,portfolio_universe_date,n_portfolio_universe,n_ranked_in_universe,n_ranked_ignored,n_missing_rankings
20260903,20260517__Google__Gemini3_1Pro__LinearNeutral,CIEN,1.98685765,1,250.0,ranked,1,/home/hatch/workspace/AgentStockBenchmarkResults/data/universe/20260903.txt,20260903,503,503,9,0
20260903,20260517__Google__Gemini3_1Pro__LinearNeutral,AMAT,1.70741366,2,249.0,ranked,2,/home/hatch/workspace/AgentStockBenchmarkResults/data/universe/20260903.txt,20260903,503,503,9,0
20260903,20260517__Google__Gemini3_1Pro__LinearNeutral,TSN,1.66265728,3,248.01,ranked,3,/home/hatch/workspace/AgentStockBenchmarkResults/data/universe/20260903.txt,20260903,503,503,9,0
20260903,20260517__Google__Gemini3_1Pro__LinearNeutral,TER,1.66044068,4,247.01,ranked,4,/home/hatch/workspace/AgentStockBenchmarkResults/data/universe/20260903.txt,20260903,503,503,9,0
20260903,20260517__Google__Gemini3_1Pro__LinearNeutral,DD,1.62307217,5,246.02,ranked,5,/home/hatch/workspace/AgentStockBenchmarkResults/data/universe/20260903.txt,20260903,503,503,9,0
20260903,20260517__Google__Gemini3_1Pro__LinearNeutral,STX,1.61135184,6,245.02,ranked,6,/home/hatch/workspace/AgentStockBenchmarkResults/data/universe/20260903.txt,20260903,503,503,9,0
20260903,20260517__Google__Gemini3_1Pro__LinearNeutral,WDC,1.5896865,7,244.02,ranked,7,/home/hatch/workspace/AgentStockBenchmarkResults/data/universe/20260903.txt,20260903,503,503,9,0
20260903,20260517__Google__Gemini3_1Pro__LinearNeutral,LITE,1.54775619,8,243.03,ranked,8,/home/hatch/workspace/AgentStockBenchmarkResults/data/universe/20260903.txt,20260903,503,503,9,0
20260903,20260517__Google__Gemini3_1Pro__LinearNeutral,COHR,1.44589179,9,242.03,ranked,9,/home/hatch/workspace/AgentStockBenchmarkResults/data/universe/20260903.txt,20260903,503,503,9,0
20260903,20260517__Google__Gemini3_1Pro__LinearNeutral,ALB,1.23632377,10,241.04,ranked,10,/home/hatch/workspace/AgentStockBenchmarkResults/data/universe/20260903.txt,20260903,503,503,9,0
20260903,20260517__Google__Gemini3_1Pro__LinearNeutral,AVGO,1.21734248,11,240.04,ranked,11,/home/hatch/workspace/AgentStockBenchmarkResults/data/universe/20260903.txt,20260903,503,503,9,0
20260903,20260517__Google__Gemini3_1Pro__LinearNeutral,MPWR,1.100874,12,239.04,ranked,12,/home/hatch/workspace/AgentStockBenchmarkResults/data/universe/20260903.txt,20260903,503,503,9,0
20260903,20260517__Google__Gemini3_1Pro__LinearNeutral,HSY,1.02944096,13,238.05,ranked,13,/home/hatch/workspace/AgentStockBenchmarkResults/data/universe/20260903.txt,20260903,503,503,9,0
20260903,20260517__Google__Gemini3_1Pro__LinearNeutral,AMD,1.02748079,14,237.05,ranked,14,/home/hatch/workspace/AgentStockBenchmarkResults/data/universe/20260903.txt,20260903,503,503,9,0
20260903,20260517__Google__Gemini3_1Pro__LinearNeutral,GIS,1.00640525,15,236.06,ranked,15,/home/hatch/workspace/AgentStockBenchmarkResults/data/universe/20260903.txt,20260903,503,503,9,0
20260903,20260517__Google__Gemini3_1Pro__LinearNeutral,LRCX,0.99629185,16,235.06,ranked,16,/home/hatch/workspace/AgentStockBenchmarkResults/data/universe/20260903.txt,20260903,503,503,9,0
20260903,20260517__Google__Gemini3_1Pro__LinearNeutral,CMI,0.97517089,17,234.06,ranked,17,/home/hatch/workspace/AgentStockBenchmarkResults/data/universe/20260903.txt,20260903,503,503,9,0
20260903,20260517__Google__Gemini3_1Pro__LinearNeutral,SJM,0.8984814,18,233.07,ranked,18,/home/hatch/workspace/AgentStockBenchmarkResults/data/universe/20260903.txt,20260903,503,503,9,0
20260903,20260517__Google__Gemini3_1Pro__LinearNeutral,TXN,0.89560313,19,232.07,ranked,19,/home/hatch/workspace/AgentStockBenchmarkResults/data/universe/20260903.txt,20260903,503,503,9,0
20260903,20260517__Google__Gemini3_1Pro__LinearNeutral,MKC,0.88797945,20,231.08,ranked,20,/home/hatch/workspace/AgentStockBenchmarkResults/data/universe/20260903.txt,20260903,503,503,9,0
20260903,20260517__Google__Gemini3_1Pro__LinearNeutral,CDNS,0.88401882,21,230.08,ranked,21,/home/hatch/workspace/AgentStockBenchmarkResults/data/universe/20260903.txt,20260903,503,503,9,0
20260903,20260517__Google__Gemini3_1Pro__LinearNeutral,CSCO,0.8573656,22,229.08,ranked,22,/home/hatch/workspace/AgentStockBenchmarkResults/data/universe/20260903.txt,20260903,503,503,9,0
20260903,20260517__Google__Gemini3_1Pro__LinearNeutral,ADI,0.85090226,23,228.09,ranked,23,/home/hatch/workspace/AgentStockBenchmarkResults/data/universe/20260903.txt,20260903,503,503,9,0
20260903,20260517__Google__Gemini3_1Pro__LinearNeutral,NXPI,0.8089836,24,227.09,ranked,24,/home/hatch/workspace/AgentStockBenchmarkResults/data/universe/20260903.txt,20260903,503,503,9,0
20260903,20260517__Google__Gemini3_1Pro__LinearNeutral,KHC,0.80837879,25,226.1,ranked,25,/home/hatch/workspace/AgentStockBenchmarkResults/data/universe/20260903.txt,20260903,503,503,9,0
20260903,20260517__Google__Gemini3_1Pro__LinearNeutral,CLX,0.76951141,26,225.1,ranked,26,/home/hatch/workspace/AgentStockBenchmarkResults/data/universe/20260903.txt,20260903,503,503,9,0
20260903,20260517__Google__Gemini3_1Pro__LinearNeutral,ODFL,0.76760379,27,224.1,ranked,27,/home/hatch/workspace/AgentStockBenchmarkResults/data/universe/20260903.txt,20260903,503,503,9,0
20260903,20260517__Google__Gemini3_1Pro__LinearNeutral,CCL,0.76408725,28,223.11,ranked,28,/home/hatch/workspace/AgentStockBenchmarkResults/data/universe/20260903.txt,20260903,503,503,9,0
20260903,20260517__Google__Gemini3_1Pro__LinearNeutral,MDLZ,0.75211983,29,222.11,ranked,29,/home/hatch/workspace/AgentStockBenchmarkResults/data/universe/20260903.txt,20260903,503,503,9,0
20260903,20260517__Google__Gemini3_1Pro__LinearNeutral,MGM,0.74872723,30,221.12,ranked,30,/home/hatch/workspace/AgentStockBenchmarkResults/data/universe/20260903.txt,20260903,503,503,9,0
20260903,20260517__Google__Gemini3_1Pro__LinearNeutral,BKNG,0.73488768,31,220.12,ranked,31,/home/hatch/workspace/AgentStockBenchmarkResults/data/universe/20260903.txt,20260903,503,503,9,0
20260903,20260517__Google__Gemini3_1Pro__LinearNeutral,INTC,0.72581928,32,219.12,ranked,32,/home/hatch/workspace/AgentStockBenchmarkResults/data/universe/20260903.txt,20260903,503,503,9,0
20260903,20260517__Google__Gemini3_1Pro__LinearNeutral,NSC,0.7243043,33,218.13,ranked,33,/home/hatch/workspace/AgentStockBenchmarkResults/data/universe/20260903.txt,20260903,503,503,9,0
20260903,20260517__Google__Gemini3_1Pro__LinearNeutral,IDXX,0.69780202,34,217.13,ranked,34,/home/hatch/workspace/AgentStockBenchmarkResults/data/universe/20260903.txt,20260903,503,503,9,0
20260903,20260517__Google__Gemini3_1Pro__LinearNeutral,MMM,0.69232898,35,216.14,ranked,35,/home/hatch/workspace/AgentStockBenchmarkResults/data/universe/20260903.txt,20260903,503,503,9,0
20260903,20260517__Google__Gemini3_1Pro__LinearNeutral,TTWO,0.69161238,36,215.14,ranked,36,/home/hatch/workspace/AgentStockBenchmarkResults/data/universe/20260903.txt,20260903,503,503,9,0
20260903,20260517__Google__Gemini3_1Pro__LinearNeutral,RCL,0.68786944,37,214.14,ranked,37,/home/hatch/workspace/AgentStockBenchmarkResults/data/universe/20260903.txt,20260903,503,503,9,0
20260903,20260517__Google__Gemini3_1Pro__LinearNeutral,IEX,0.68389182,38,213.15,ranked,38,/home/hatch/workspace/AgentStockBenchmarkResults/data/universe/20260903.txt,20260903,503,503,9,0
20260903,20260517__Google__Gemini3_1Pro__LinearNeutral,AON,0.68383315,39,212.15,ranked,39,/home/hatch/workspace/AgentStockBenchmarkResults/data/universe/20260903.txt,20260903,503,503,9,0
20260903,20260517__Google__Gemini3_1Pro__LinearNeutral,INVH,0.66494665,40,211.16,ranked,40,/home/hatch/workspace/AgentStockBenchmarkResults/data/universe/20260903.txt,20260903,503,503,9,0
20260903,20260517__Google__Gemini3_1Pro__LinearNeutral,AMCR,0.6618704,41,210.16,ranked,41,/home/hatch/workspace/AgentStockBenchmarkResults/data/universe/20260903.txt,20260903,503,503,9,0
20260903,20260517__Google__Gemini3_1Pro__LinearNeutral,SYK,0.64763867,42,209.16,ranked,42,/home/hatch/workspace/AgentStockBenchmarkResults/data/universe/20260903.txt,20260903,503,503,9,0
20260903,20260517__Google__Gemini3_1Pro__LinearNeutral,ADSK,0.64258351,43,208.17,ranked,43,/home/hatch/workspace/AgentStockBenchmarkResults/data/universe/20260903.txt,20260903,503,503,9,0
20260903,20260517__Google__Gemini3_1Pro__LinearNeutral,CHD,0.63935061,44,207.17,ranked,44,/home/hatch/workspace/AgentStockBenchmarkResults/data/universe/20260903.txt,20260903,503,503,9,0
20260903,20260517__Google__Gemini3_1Pro__LinearNeutral,EXPE,0.63769336,45,206.18,ranked,45,/home/hatch/workspace/AgentStockBenchmarkResults/data/universe/20260903.txt,20260903,503,503,9,0
20260903,20260517__Google__Gemini3_1Pro__LinearNeutral,STE,0.6308492,46,205.18,ranked,46,/home/hatch/workspace/AgentStockBenchmarkResults/data/universe/20260903.txt,20260903,503,503,9,0
20260903,20260517__Google__Gemini3_1Pro__LinearNeutral,MTD,0.62915384,47,204.18,ranked,47,/home/hatch/workspace/AgentStockBenchmarkResults/data/universe/20260903.txt,20260903,503,503,9,0
20260903,20260517__Google__Gemini3_1Pro__LinearNeutral,MNST,0.61799711,48,203.19,ranked,48,/home/hatch/workspace/AgentStockBenchmarkResults/data/universe/20260903.txt,20260903,503,503,9,0
20260903,20260517__Google__Gemini3_1Pro__LinearNeutral,UNP,0.61649279,49,202.19,ranked,49,/home/hatch/workspace/AgentStockBenchmarkResults/data/universe/20260903.txt,20260903,503,503,9,0
20260903,20260517__Google__Gemini3_1Pro__LinearNeutral,WBD,0.61543502,50,201.2,ranked,50,/home/hatch/workspace/AgentStockBenchmarkResults/data/universe/20260903.txt,20260903,503,503,9,0
20260903,20260517__Google__Gemini3_1Pro__LinearNeutral,MU,0.6096822,51,200.2,ranked,51,/home/hatch/workspace/AgentStockBenchmarkResults/data/universe/20260903.txt,20260903,503,503,9,0
20260903,20260517__Google__Gemini3_1Pro__LinearNeutral,HST,0.60312896,52,199.2,ranked,52,/home/hatch/workspace/AgentStockBenchmarkResults/data/universe/20260903.txt,20260903,503,503,9,0
20260903,20260517__Google__Gemini3_1Pro__LinearNeutral,MSI,0.58693508,53,198.21,ranked,53,/home/hatch/workspace/AgentStockBenchmarkResults/data/universe/20260903.txt,20260903,503,503,9,0
20260903,20260517__Google__Gemini3_1Pro__LinearNeutral,VMC,0.58404165,54,197.21,ranked,54,/home/hatch/workspace/AgentStockBenchmarkResults/data/universe/20260903.txt,20260903,503,503,9,0
20260903,20260517__Google__Gemini3_1Pro__LinearNeutral,GEHC,0.56827027,55,196.22,ranked,55,/home/hatch/workspace/AgentStockBenchmarkResults/data/universe/20260903.txt,20260903,503,503,9,0
20260903,20260517__Google__Gemini3_1Pro__LinearNeutral,SYY,0.55767599,56,195.22,ranked,56,/home/hatch/workspace/AgentStockBenchmarkResults/data/universe/20260903.txt,20260903,503,503,9,0
20260903,20260517__Google__Gemini3_1Pro__LinearNeutral,CSX,0.54952826,57,194.22,ranked,57,/home/hatch/workspace/AgentStockBenchmarkResults/data/universe/20260903.txt,20260903,503,503,9,0
20260903,20260517__Google__Gemini3_1Pro__LinearNeutral,FDXF,0.54864085,58,193.23,ranked,58,/home/hatch/workspace/AgentStockBenchmarkResults/data/universe/20260903.txt,20260903,503,503,9,0
20260903,20260517__Google__Gemini3_1Pro__LinearNeutral,KLAC,0.54817723,59,192.23,ranked,59,/home/hatch/workspace/AgentStockBenchmarkResults/data/universe/20260903.txt,20260903,503,503,9,0
20260903,20260517__Google__Gemini3_1Pro__LinearNeutral,TDY,0.54349019,60,191.24,ranked,60,/home/hatch/workspace/AgentStockBenchmarkResults/data/universe/20260903.txt,20260903,503,503,9,0
20260903,20260517__Google__Gemini3_1Pro__LinearNeutral,ABT,0.54284057,61,190.24,ranked,61,/home/hatch/workspace/AgentStockBenchmarkResults/data/universe/20260903.txt,20260903,503,503,9,0
20260903,20260517__Google__Gemini3_1Pro__LinearNeutral,EOG,0.53741226,62,189.24,ranked,62,/home/hatch/workspace/AgentStockBenchmarkResults/data/universe/20260903.txt,20260903,503,503,9,0
20260903,20260517__Google__Gemini3_1Pro__LinearNeutral,MAR,0.52564559,63,188.25,ranked,63,/home/hatch/workspace/AgentStockBenchmarkResults/data/universe/20260903.txt,20260903,503,503,9,0
20260903,20260517__Google__Gemini3_1Pro__LinearNeutral,BKR,0.52527848,64,187.25,ranked,64,/home/hatch/workspace/AgentStockBenchmarkResults/data/universe/20260903.txt,20260903,503,503,9,0
20260903,20260517__Google__Gemini3_1Pro__LinearNeutral,PM,0.51846526,65,186.25,ranked,65,/home/hatch/workspace/AgentStockBenchmarkResults/data/universe/20260903.txt,20260903,503,503,9,0
20260903,20260517__Google__Gemini3_1Pro__LinearNeutral,LDOS,0.51827379,66,185.26,ranked,66,/home/hatch/workspace/AgentStockBenchmarkResults/data/universe/20260903.txt,20260903,503,503,9,0
20260903,20260517__Google__Gemini3_1Pro__LinearNeutral,WAB,0.51790027,67,184.26,ranked,67,/home/hatch/workspace/AgentStockBenchmarkResults/data/universe/20260903.txt,20260903,503,503,9,0
20260903,20260517__Google__Gemini3_1Pro__LinearNeutral,DGX,0.51427425,68,183.27,ranked,68,/home/hatch/workspace/AgentStockBenchmarkResults/data/universe/20260903.txt,20260903,503,503,9,0
20260903,20260517__Google__Gemini3_1Pro__LinearNeutral,KEYS,0.50498218,69,182.27,ranked,69,/home/hatch/workspace/AgentStockBenchmarkResults/data/universe/20260903.txt,20260903,503,503,9,0
20260903,20260517__Google__Gemini3_1Pro__LinearNeutral,HRL,0.50394575,70,181.27,ranked,70,/home/hatch/workspace/AgentStockBenchmarkResults/data/universe/20260903.txt,20260903,503,503,9,0
20260903,20260517__Google__Gemini3_1Pro__LinearNeutral,APD,0.5031179,71,180.28,ranked,71,/home/hatch/workspace/AgentStockBenchmarkResults/data/universe/20260903.txt,20260903,503,503,9,0
20260903,20260517__Google__Gemini3_1Pro__LinearNeutral,WY,0.49867542,72,179.28,ranked,72,/home/hatch/workspace/AgentStockBenchmarkResults/data/universe/20260903.txt,20260903,503,503,9,0
20260903,20260517__Google__Gemini3_1Pro__LinearNeutral,KMB,0.49536571,73,178.29,ranked,73,/home/hatch/workspace/AgentStockBenchmarkResults/data/universe/20260903.txt,20260903,503,503,9,0
20260903,20260517__Google__Gemini3_1Pro__LinearNeutral,ROST,0.48975856,74,177.29,ranked,74,/home/hatch/workspace/AgentStockBenchmarkResults/data/universe/20260903.txt,20260903,503,503,9,0
20260903,20260517__Google__Gemini3_1Pro__LinearNeutral,MLM,0.48492531,75,176.29,ranked,75,/home/hatch/workspace/AgentStockBenchmarkResults/data/universe/20260903.txt,20260903,503,503,9,0
20260903,20260517__Google__Gemini3_1Pro__LinearNeutral,WSM,0.48476398,76,175.3,ranked,76,/home/hatch/workspace/AgentStockBenchmarkResults/data/universe/20260903.txt,20260903,503,503,9,0
20260903,20260517__Google__Gemini3_1Pro__LinearNeutral,KVUE,0.47247782,77,174.3,ranked,77,/home/hatch/workspace/AgentStockBenchmarkResults/data/universe/20260903.txt,20260903,503,503,9,0
20260903,20260517__Google__Gemini3_1Pro__LinearNeutral,AME,0.47012714,78,173.31,ranked,78,/home/hatch/workspace/AgentStockBenchmarkResults/data/universe/20260903.txt,20260903,503,503,9,0
20260903,20260517__Google__Gemini3_1Pro__LinearNeutral,BSX,0.46800651,79,172.31,ranked,79,/home/hatch/workspace/AgentStockBenchmarkResults/data/universe/20260903.txt,20260903,503,503,9,0
20260903,20260517__Google__Gemini3_1Pro__LinearNeutral,EW,0.46674922,80,171.31,ranked,80,/home/hatch/workspace/AgentStockBenchmarkResults/data/universe/20260903.txt,20260903,503,503,9,0
20260903,20260517__Google__Gemini3_1Pro__LinearNeutral,RTX,0.4634992,81,170.32,ranked,81,/home/hatch/workspace/AgentStockBenchmarkResults/data/universe/20260903.txt,20260903,503,503,9,0
20260903,20260517__Google__Gemini3_1Pro__LinearNeutral,AVY,0.46057813,82,169.32,ranked,82,/home/hatch/workspace/AgentStockBenchmarkResults/data/universe/20260903.txt,20260903,503,503,9,0
20260903,20260517__Google__Gemini3_1Pro__LinearNeutral,WMB,0.45425092,83,168.33,ranked,83,/home/hatch/workspace/AgentStockBenchmarkResults/data/universe/20260903.txt,20260903,503,503,9,0
20260903,20260517__Google__Gemini3_1Pro__LinearNeutral,SW,0.44665164,84,167.33,ranked,84,/home/hatch/workspace/AgentStockBenchmarkResults/data/universe/20260903.txt,20260903,503,503,9,0
20260903,20260517__Google__Gemini3_1Pro__LinearNeutral,UDR,0.44482048,85,166.33,ranked,85,/home/hatch/workspace/AgentStockBenchmarkResults/data/universe/20260903.txt,20260903,503,503,9,0
20260903,20260517__Google__Gemini3_1Pro__LinearNeutral,IP,0.43819656,86,165.34,ranked,86,/home/hatch/workspace/AgentStockBenchmarkResults/data/universe/20260903.txt,20260903,503,503,9,0
20260903,20260517__Google__Gemini3_1Pro__LinearNeutral,FRT,0.43266082,87,164.34,ranked,87,/home/hatch/workspace/AgentStockBenchmarkResults/data/universe/20260903.txt,20260903,503,503,9,0
20260903,20260517__Google__Gemini3_1Pro__LinearNeutral,NCLH,0.43134207,88,163.35,ranked,88,/home/hatch/workspace/AgentStockBenchmarkResults/data/universe/20260903.txt,20260903,503,503,9,0
20260903,20260517__Google__Gemini3_1Pro__LinearNeutral,FFIV,0.42514989,89,162.35,ranked,89,/home/hatch/workspace/AgentStockBenchmarkResults/data/universe/20260903.txt,20260903,503,503,9,0
20260903,20260517__Google__Gemini3_1Pro__LinearNeutral,LYV,0.42498387,90,161.35,ranked,90,/home/hatch/workspace/AgentStockBenchmarkResults/data/universe/20260903.txt,20260903,503,503,9,0
20260903,20260517__Google__Gemini3_1Pro__LinearNeutral,LMT,0.42209902,91,160.36,ranked,91,/home/hatch/workspace/AgentStockBenchmarkResults/data/universe/20260903.txt,20260903,503,503,9,0
20260903,20260517__Google__Gemini3_1Pro__LinearNeutral,SWK,0.42126033,92,159.36,ranked,92,/home/hatch/workspace/AgentStockBenchmarkResults/data/universe/20260903.txt,20260903,503,503,9,0
20260903,20260517__Google__Gemini3_1Pro__LinearNeutral,KMI,0.42123217,93,158.37,ranked,93,/home/hatch/workspace/AgentStockBenchmarkResults/data/universe/20260903.txt,20260903,503,503,9,0
20260903,20260517__Google__Gemini3_1Pro__LinearNeutral,CL,0.4199167,94,157.37,ranked,94,/home/hatch/workspace/AgentStockBenchmarkResults/data/universe/20260903.txt,20260903,503,503,9,0
20260903,20260517__Google__Gemini3_1Pro__LinearNeutral,LIN,0.41728763,95,156.37,ranked,95,/home/hatch/workspace/AgentStockBenchmarkResults/data/universe/20260903.txt,20260903,503,503,9,0
20260903,20260517__Google__Gemini3_1Pro__LinearNeutral,SBUX,0.41429483,96,155.38,ranked,96,/home/hatch/workspace/AgentStockBenchmarkResults/data/universe/20260903.txt,20260903,503,503,9,0
20260903,20260517__Google__Gemini3_1Pro__LinearNeutral,A,0.41388091,97,154.38,ranked,97,/home/hatch/workspace/AgentStockBenchmarkResults/data/universe/20260903.txt,20260903,503,503,9,0
20260903,20260517__Google__Gemini3_1Pro__LinearNeutral,COST,0.41198369,98,153.39,ranked,98,/home/hatch/workspace/AgentStockBenchmarkResults/data/universe/20260903.txt,20260903,503,503,9,0
20260903,20260517__Google__Gemini3_1Pro__LinearNeutral,TXT,0.40868851,99,152.39,ranked,99,/home/hatch/workspace/AgentStockBenchmarkResults/data/universe/20260903.txt,20260903,503,503,9,0
20260903,20260517__Google__Gemini3_1Pro__LinearNeutral,IR,0.40478928,100,151.39,ranked,100,/home/hatch/workspace/AgentStockBenchmarkResults/data/universe/20260903.txt,20260903,503,503,9,0
20260903,20260517__Google__Gemini3_1Pro__LinearNeutral,TJX,0.40361125,101,150.4,ranked,101,/home/hatch/workspace/AgentStockBenchmarkResults/data/universe/20260903.txt,20260903,503,503,9,0
20260903,20260517__Google__Gemini3_1Pro__LinearNeutral,BALL,0.40270891,102,149.4,ranked,102,/home/hatch/workspace/AgentStockBenchmarkResults/data/universe/20260903.txt,20260903,503,503,9,0
20260903,20260517__Google__Gemini3_1Pro__LinearNeutral,DASH,0.40197092,103,148.41,ranked,103,/home/hatch/workspace/AgentStockBenchmarkResults/data/universe/20260903.txt,20260903,503,503,9,0
20260903,20260517__Google__Gemini3_1Pro__LinearNeutral,DOW,0.4009346,104,147.41,ranked,104,/home/hatch/workspace/AgentStockBenchmarkResults/data/universe/20260903.txt,20260903,503,503,9,0
20260903,20260517__Google__Gemini3_1Pro__LinearNeutral,FCX,0.39777861,105,146.41,ranked,105,/home/hatch/workspace/AgentStockBenchmarkResults/data/universe/20260903.txt,20260903,503,503,9,0
20260903,20260517__Google__Gemini3_1Pro__LinearNeutral,ECL,0.39178925,106,145.42,ranked,106,/home/hatch/workspace/AgentStockBenchmarkResults/data/universe/20260903.txt,20260903,503,503,9,0
20260903,20260517__Google__Gemini3_1Pro__LinearNeutral,PKG,0.39120172,107,144.42,ranked,107,/home/hatch/workspace/AgentStockBenchmarkResults/data/universe/20260903.txt,20260903,503,503,9,0
20260903,20260517__Google__Gemini3_1Pro__LinearNeutral,GRMN,0.38898121,108,143.43,ranked,108,/home/hatch/workspace/AgentStockBenchmarkResults/data/universe/20260903.txt,20260903,503,503,9,0
20260903,20260517__Google__Gemini3_1Pro__LinearNeutral,LUV,0.3846546,109,142.43,ranked,109,/home/hatch/workspace/AgentStockBenchmarkResults/data/universe/20260903.txt,20260903,503,503,9,0
20260903,20260517__Google__Gemini3_1Pro__LinearNeutral,VTRS,0.38289346,110,141.43,ranked,110,/home/hatch/workspace/AgentStockBenchmarkResults/data/universe/20260903.txt,20260903,503,503,9,0
20260903,20260517__Google__Gemini3_1Pro__LinearNeutral,DAL,0.37788849,111,140.44,ranked,111,/home/hatch/workspace/AgentStockBenchmarkResults/data/universe/20260903.txt,20260903,503,503,9,0
20260903,20260517__Google__Gemini3_1Pro__LinearNeutral,STZ,0.37768428,112,139.44,ranked,112,/home/hatch/workspace/AgentStockBenchmarkResults/data/universe/20260903.txt,20260903,503,503,9,0
20260903,20260517__Google__Gemini3_1Pro__LinearNeutral,GLW,0.37719051,113,138.45,ranked,113,/home/hatch/workspace/AgentStockBenchmarkResults/data/universe/20260903.txt,20260903,503,503,9,0
20260903,20260517__Google__Gemini3_1Pro__LinearNeutral,WST,0.374445,114,137.45,ranked,114,/home/hatch/workspace/AgentStockBenchmarkResults/data/universe/20260903.txt,20260903,503,503,9,0
20260903,20260517__Google__Gemini3_1Pro__LinearNeutral,GD,0.37114362,115,136.45,ranked,115,/home/hatch/workspace/AgentStockBenchmarkResults/data/universe/20260903.txt,20260903,503,503,9,0
20260903,20260517__Google__Gemini3_1Pro__LinearNeutral,KIM,0.37104832,116,135.46,ranked,116,/home/hatch/workspace/AgentStockBenchmarkResults/data/universe/20260903.txt,20260903,503,503,9,0
20260903,20260517__Google__Gemini3_1Pro__LinearNeutral,GNRC,0.3692937,117,134.46,ranked,117,/home/hatch/workspace/AgentStockBenchmarkResults/data/universe/20260903.txt,20260903,503,503,9,0
20260903,20260517__Google__Gemini3_1Pro__LinearNeutral,CASY,0.36110466,118,133.47,ranked,118,/home/hatch/workspace/AgentStockBenchmarkResults/data/universe/20260903.txt,20260903,503,503,9,0
20260903,20260517__Google__Gemini3_1Pro__LinearNeutral,UAL,0.35930185,119,132.47,ranked,119,/home/hatch/workspace/AgentStockBenchmarkResults/data/universe/20260903.txt,20260903,503,503,9,0
20260903,20260517__Google__Gemini3_1Pro__LinearNeutral,NDSN,0.35707132,120,131.47,ranked,120,/home/hatch/workspace/AgentStockBenchmarkResults/data/universe/20260903.txt,20260903,503,503,9,0
20260903,20260517__Google__Gemini3_1Pro__LinearNeutral,TECH,0.35303472,121,130.48,ranked,121,/home/hatch/workspace/AgentStockBenchmarkResults/data/universe/20260903.txt,20260903,503,503,9,0
20260903,20260517__Google__Gemini3_1Pro__LinearNeutral,HON,0.3524202,122,129.48,ranked,122,/home/hatch/workspace/AgentStockBenchmarkResults/data/universe/20260903.txt,20260903,503,503,9,0
20260903,20260517__Google__Gemini3_1Pro__LinearNeutral,AES,0.35092289,123,128.49,ranked,123,/home/hatch/workspace/AgentStockBenchmarkResults/data/universe/20260903.txt,20260903,503,503,9,0
20260903,20260517__Google__Gemini3_1Pro__LinearNeutral,SNA,0.34562156,124,127.49,ranked,124,/home/hatch/workspace/AgentStockBenchmarkResults/data/universe/20260903.txt,20260903,503,503,9,0
20260903,20260517__Google__Gemini3_1Pro__LinearNeutral,DOV,0.34543481,125,126.49,ranked,125,/home/hatch/workspace/AgentStockBenchmarkResults/data/universe/20260903.txt,20260903,503,503,9,0
20260903,20260517__Google__Gemini3_1Pro__LinearNeutral,FIX,0.34311416,126,125.5,ranked,126,/home/hatch/workspace/AgentStockBenchmarkResults/data/universe/20260903.txt,20260903,503,503,9,0
20260903,20260517__Google__Gemini3_1Pro__LinearNeutral,LYB,0.33964492,127,124.5,ranked,127,/home/hatch/workspace/AgentStockBenchmarkResults/data/universe/20260903.txt,20260903,503,503,9,0
20260903,20260517__Google__Gemini3_1Pro__LinearNeutral,PEP,0.337709,128,123.51,ranked,128,/home/hatch/workspace/AgentStockBenchmarkResults/data/universe/20260903.txt,20260903,503,503,9,0
20260903,20260517__Google__Gemini3_1Pro__LinearNeutral,WYNN,0.33696875,129,122.51,ranked,129,/home/hatch/workspace/AgentStockBenchmarkResults/data/universe/20260903.txt,20260903,503,503,9,0
20260903,20260517__Google__Gemini3_1Pro__LinearNeutral,CAT,0.33662083,130,121.51,ranked,130,/home/hatch/workspace/AgentStockBenchmarkResults/data/universe/20260903.txt,20260903,503,503,9,0
20260903,20260517__Google__Gemini3_1Pro__LinearNeutral,PPG,0.33634128,131,120.52,ranked,131,/home/hatch/workspace/AgentStockBenchmarkResults/data/universe/20260903.txt,20260903,503,503,9,0
20260903,20260517__Google__Gemini3_1Pro__LinearNeutral,MCD,0.32777906,132,119.52,ranked,132,/home/hatch/workspace/AgentStockBenchmarkResults/data/universe/20260903.txt,20260903,503,503,9,0
20260903,20260517__Google__Gemini3_1Pro__LinearNeutral,CRH,0.32672996,133,118.53,ranked,133,/home/hatch/workspace/AgentStockBenchmarkResults/data/universe/20260903.txt,20260903,503,503,9,0
20260903,20260517__Google__Gemini3_1Pro__LinearNeutral,TDG,0.32183395,134,117.53,ranked,134,/home/hatch/workspace/AgentStockBenchmarkResults/data/universe/20260903.txt,20260903,503,503,9,0
20260903,20260517__Google__Gemini3_1Pro__LinearNeutral,HAS,0.31927983,135,116.53,ranked,135,/home/hatch/workspace/AgentStockBenchmarkResults/data/universe/20260903.txt,20260903,503,503,9,0
20260903,20260517__Google__Gemini3_1Pro__LinearNeutral,MRVL,0.31858929,136,115.54,ranked,136,/home/hatch/workspace/AgentStockBenchmarkResults/data/universe/20260903.txt,20260903,503,503,9,0
20260903,20260517__Google__Gemini3_1Pro__LinearNeutral,Q,0.31321233,137,114.54,ranked,137,/home/hatch/workspace/AgentStockBenchmarkResults/data/universe/20260903.txt,20260903,503,503,9,0
20260903,20260517__Google__Gemini3_1Pro__LinearNeutral,BAX,0.31277912,138,113.55,ranked,138,/home/hatch/workspace/AgentStockBenchmarkResults/data/universe/20260903.txt,20260903,503,503,9,0
20260903,20260517__Google__Gemini3_1Pro__LinearNeutral,ETN,0.30944399,139,112.55,ranked,139,/home/hatch/workspace/AgentStockBenchmarkResults/data/universe/20260903.txt,20260903,503,503,9,0
20260903,20260517__Google__Gemini3_1Pro__LinearNeutral,PH,0.3049383,140,111.55,ranked,140,/home/hatch/workspace/AgentStockBenchmarkResults/data/universe/20260903.txt,20260903,503,503,9,0
20260903,20260517__Google__Gemini3_1Pro__LinearNeutral,EME,0.2902647,141,110.56,ranked,141,/home/hatch/workspace/AgentStockBenchmarkResults/data/universe/20260903.txt,20260903,503,503,9,0
20260903,20260517__Google__Gemini3_1Pro__LinearNeutral,RMD,0.2901145,142,109.56,ranked,142,/home/hatch/workspace/AgentStockBenchmarkResults/data/universe/20260903.txt,20260903,503,503,9,0
20260903,20260517__Google__Gemini3_1Pro__LinearNeutral,SPG,0.28874374,143,108.57,ranked,143,/home/hatch/workspace/AgentStockBenchmarkResults/data/universe/20260903.txt,20260903,503,503,9,0
20260903,20260517__Google__Gemini3_1Pro__LinearNeutral,MCHP,0.28504355,144,107.57,ranked,144,/home/hatch/workspace/AgentStockBenchmarkResults/data/universe/20260903.txt,20260903,503,503,9,0
20260903,20260517__Google__Gemini3_1Pro__LinearNeutral,MA,0.27416716,145,106.57,ranked,145,/home/hatch/workspace/AgentStockBenchmarkResults/data/universe/20260903.txt,20260903,503,503,9,0
20260903,20260517__Google__Gemini3_1Pro__LinearNeutral,IFF,0.27284848,146,105.58,ranked,146,/home/hatch/workspace/AgentStockBenchmarkResults/data/universe/20260903.txt,20260903,503,503,9,0
20260903,20260517__Google__Gemini3_1Pro__LinearNeutral,PNR,0.26801216,147,104.58,ranked,147,/home/hatch/workspace/AgentStockBenchmarkResults/data/universe/20260903.txt,20260903,503,503,9,0
20260903,20260517__Google__Gemini3_1Pro__LinearNeutral,ITW,0.26719247,148,103.59,ranked,148,/home/hatch/workspace/AgentStockBenchmarkResults/data/universe/20260903.txt,20260903,503,503,9,0
20260903,20260517__Google__Gemini3_1Pro__LinearNeutral,PANW,0.2666296,149,102.59,ranked,149,/home/hatch/workspace/AgentStockBenchmarkResults/data/universe/20260903.txt,20260903,503,503,9,0
20260903,20260517__Google__Gemini3_1Pro__LinearNeutral,SHW,0.26644983,150,101.59,ranked,150,/home/hatch/workspace/AgentStockBenchmarkResults/data/universe/20260903.txt,20260903,503,503,9,0
20260903,20260517__Google__Gemini3_1Pro__LinearNeutral,HLT,0.26532472,151,100.6,ranked,151,/home/hatch/workspace/AgentStockBenchmarkResults/data/universe/20260903.txt,20260903,503,503,9,0
20260903,20260517__Google__Gemini3_1Pro__LinearNeutral,UPS,0.26468502,152,99.6,ranked,152,/home/hatch/workspace/AgentStockBenchmarkResults/data/universe/20260903.txt,20260903,503,503,9,0
20260903,20260517__Google__Gemini3_1Pro__LinearNeutral,AXP,0.25995849,153,98.61,ranked,153,/home/hatch/workspace/AgentStockBenchmarkResults/data/universe/20260903.txt,20260903,503,503,9,0
20260903,20260517__Google__Gemini3_1Pro__LinearNeutral,VTR,0.2585031,154,97.61,ranked,154,/home/hatch/workspace/AgentStockBenchmarkResults/data/universe/20260903.txt,20260903,503,503,9,0
20260903,20260517__Google__Gemini3_1Pro__LinearNeutral,NTAP,0.25502089,155,96.61,ranked,155,/home/hatch/workspace/AgentStockBenchmarkResults/data/universe/20260903.txt,20260903,503,503,9,0
20260903,20260517__Google__Gemini3_1Pro__LinearNeutral,KO,0.25223901,156,95.62,ranked,156,/home/hatch/workspace/AgentStockBenchmarkResults/data/universe/20260903.txt,20260903,503,503,9,0
20260903,20260517__Google__Gemini3_1Pro__LinearNeutral,ZBH,0.25092708,157,94.62,ranked,157,/home/hatch/workspace/AgentStockBenchmarkResults/data/universe/20260903.txt,20260903,503,503,9,0
20260903,20260517__Google__Gemini3_1Pro__LinearNeutral,LH,0.25079468,158,93.63,ranked,158,/home/hatch/workspace/AgentStockBenchmarkResults/data/universe/20260903.txt,20260903,503,503,9,0
20260903,20260517__Google__Gemini3_1Pro__LinearNeutral,EMR,0.24942945,159,92.63,ranked,159,/home/hatch/workspace/AgentStockBenchmarkResults/data/universe/20260903.txt,20260903,503,503,9,0
20260903,20260517__Google__Gemini3_1Pro__LinearNeutral,PG,0.24915765,160,91.63,ranked,160,/home/hatch/workspace/AgentStockBenchmarkResults/data/universe/20260903.txt,20260903,503,503,9,0
20260903,20260517__Google__Gemini3_1Pro__LinearNeutral,URI,0.24744238,161,90.64,ranked,161,/home/hatch/workspace/AgentStockBenchmarkResults/data/universe/20260903.txt,20260903,503,503,9,0
20260903,20260517__Google__Gemini3_1Pro__LinearNeutral,EXPD,0.24364792,162,89.64,ranked,162,/home/hatch/workspace/AgentStockBenchmarkResults/data/universe/20260903.txt,20260903,503,503,9,0
20260903,20260517__Google__Gemini3_1Pro__LinearNeutral,LLY,0.23668443,163,88.65,ranked,163,/home/hatch/workspace/AgentStockBenchmarkResults/data/universe/20260903.txt,20260903,503,503,9,0
20260903,20260517__Google__Gemini3_1Pro__LinearNeutral,LNT,0.23581909,164,87.65,ranked,164,/home/hatch/workspace/AgentStockBenchmarkResults/data/universe/20260903.txt,20260903,503,503,9,0
20260903,20260517__Google__Gemini3_1Pro__LinearNeutral,CPT,0.23271847,165,86.65,ranked,165,/home/hatch/workspace/AgentStockBenchmarkResults/data/universe/20260903.txt,20260903,503,503,9,0
20260903,20260517__Google__Gemini3_1Pro__LinearNeutral,ROK,0.22687893,166,85.66,ranked,166,/home/hatch/workspace/AgentStockBenchmarkResults/data/universe/20260903.txt,20260903,503,503,9,0
20260903,20260517__Google__Gemini3_1Pro__LinearNeutral,CFG,0.22594957,167,84.66,ranked,167,/home/hatch/workspace/AgentStockBenchmarkResults/data/universe/20260903.txt,20260903,503,503,9,0
20260903,20260517__Google__Gemini3_1Pro__LinearNeutral,DOC,0.22263295,168,83.67,ranked,168,/home/hatch/workspace/AgentStockBenchmarkResults/data/universe/20260903.txt,20260903,503,503,9,0
20260903,20260517__Google__Gemini3_1Pro__LinearNeutral,XOM,0.22220124,169,82.67,ranked,169,/home/hatch/workspace/AgentStockBenchmarkResults/data/universe/20260903.txt,20260903,503,503,9,0
20260903,20260517__Google__Gemini3_1Pro__LinearNeutral,SO,0.21788478,170,81.67,ranked,170,/home/hatch/workspace/AgentStockBenchmarkResults/data/universe/20260903.txt,20260903,503,503,9,0
20260903,20260517__Google__Gemini3_1Pro__LinearNeutral,ALLE,0.21571657,171,80.68,ranked,171,/home/hatch/workspace/AgentStockBenchmarkResults/data/universe/20260903.txt,20260903,503,503,9,0
20260903,20260517__Google__Gemini3_1Pro__LinearNeutral,PNW,0.20914905,172,79.68,ranked,172,/home/hatch/workspace/AgentStockBenchmarkResults/data/universe/20260903.txt,20260903,503,503,9,0
20260903,20260517__Google__Gemini3_1Pro__LinearNeutral,CMG,0.20083394,173,78.69,ranked,173,/home/hatch/workspace/AgentStockBenchmarkResults/data/universe/20260903.txt,20260903,503,503,9,0
20260903,20260517__Google__Gemini3_1Pro__LinearNeutral,HII,0.1995256,174,77.69,ranked,174,/home/hatch/workspace/AgentStockBenchmarkResults/data/universe/20260903.txt,20260903,503,503,9,0
20260903,20260517__Google__Gemini3_1Pro__LinearNeutral,UNH,0.1974441,175,76.69,ranked,175,/home/hatch/workspace/AgentStockBenchmarkResults/data/universe/20260903.txt,20260903,503,503,9,0
20260903,20260517__Google__Gemini3_1Pro__LinearNeutral,HD,0.19719945,176,75.7,ranked,176,/home/hatch/workspace/AgentStockBenchmarkResults/data/universe/20260903.txt,20260903,503,503,9,0
20260903,20260517__Google__Gemini3_1Pro__LinearNeutral,AEE,0.19695783,177,74.7,ranked,177,/home/hatch/workspace/AgentStockBenchmarkResults/data/universe/20260903.txt,20260903,503,503,9,0
20260903,20260517__Google__Gemini3_1Pro__LinearNeutral,INCY,0.19612608,178,73.71,ranked,178,/home/hatch/workspace/AgentStockBenchmarkResults/data/universe/20260903.txt,20260903,503,503,9,0
20260903,20260517__Google__Gemini3_1Pro__LinearNeutral,PLD,0.19304718,179,72.71,ranked,179,/home/hatch/workspace/AgentStockBenchmarkResults/data/universe/20260903.txt,20260903,503,503,9,0
20260903,20260517__Google__Gemini3_1Pro__LinearNeutral,APP,0.19164356,180,71.71,ranked,180,/home/hatch/workspace/AgentStockBenchmarkResults/data/universe/20260903.txt,20260903,503,503,9,0
20260903,20260517__Google__Gemini3_1Pro__LinearNeutral,REG,0.18901955,181,70.72,ranked,181,/home/hatch/workspace/AgentStockBenchmarkResults/data/universe/20260903.txt,20260903,503,503,9,0
20260903,20260517__Google__Gemini3_1Pro__LinearNeutral,MRSH,0.18646743,182,69.72,ranked,182,/home/hatch/workspace/AgentStockBenchmarkResults/data/universe/20260903.txt,20260903,503,503,9,0
20260903,20260517__Google__Gemini3_1Pro__LinearNeutral,MAA,0.18434946,183,68.73,ranked,183,/home/hatch/workspace/AgentStockBenchmarkResults/data/universe/20260903.txt,20260903,503,503,9,0
20260903,20260517__Google__Gemini3_1Pro__LinearNeutral,O,0.1830443,184,67.73,ranked,184,/home/hatch/workspace/AgentStockBenchmarkResults/data/universe/20260903.txt,20260903,503,503,9,0
20260903,20260517__Google__Gemini3_1Pro__LinearNeutral,FLEX,0.18278387,185,66.73,ranked,185,/home/hatch/workspace/AgentStockBenchmarkResults/data/universe/20260903.txt,20260903,503,503,9,0
20260903,20260517__Google__Gemini3_1Pro__LinearNeutral,FERG,0.17732312,186,65.74,ranked,186,/home/hatch/workspace/AgentStockBenchmarkResults/data/universe/20260903.txt,20260903,503,503,9,0
20260903,20260517__Google__Gemini3_1Pro__LinearNeutral,FTNT,0.17564631,187,64.74,ranked,187,/home/hatch/workspace/AgentStockBenchmarkResults/data/universe/20260903.txt,20260903,503,503,9,0
20260903,20260517__Google__Gemini3_1Pro__LinearNeutral,GE,0.17310413,188,63.75,ranked,188,/home/hatch/workspace/AgentStockBenchmarkResults/data/universe/20260903.txt,20260903,503,503,9,0
20260903,20260517__Google__Gemini3_1Pro__LinearNeutral,SNPS,0.17160498,189,62.75,ranked,189,/home/hatch/workspace/AgentStockBenchmarkResults/data/universe/20260903.txt,20260903,503,503,9,0
20260903,20260517__Google__Gemini3_1Pro__LinearNeutral,NUE,0.16097445,190,61.75,ranked,190,/home/hatch/workspace/AgentStockBenchmarkResults/data/universe/20260903.txt,20260903,503,503,9,0
20260903,20260517__Google__Gemini3_1Pro__LinearNeutral,HSIC,0.16084028,191,60.76,ranked,191,/home/hatch/workspace/AgentStockBenchmarkResults/data/universe/20260903.txt,20260903,503,503,9,0
20260903,20260517__Google__Gemini3_1Pro__LinearNeutral,DIS,0.16074257,192,59.76,ranked,192,/home/hatch/workspace/AgentStockBenchmarkResults/data/universe/20260903.txt,20260903,503,503,9,0
20260903,20260517__Google__Gemini3_1Pro__LinearNeutral,ESS,0.16070499,193,58.76,ranked,193,/home/hatch/workspace/AgentStockBenchmarkResults/data/universe/20260903.txt,20260903,503,503,9,0
20260903,20260517__Google__Gemini3_1Pro__LinearNeutral,XYL,0.15557117,194,57.77,ranked,194,/home/hatch/workspace/AgentStockBenchmarkResults/data/universe/20260903.txt,20260903,503,503,9,0
20260903,20260517__Google__Gemini3_1Pro__LinearNeutral,EXR,0.15330328,195,56.77,ranked,195,/home/hatch/workspace/AgentStockBenchmarkResults/data/universe/20260903.txt,20260903,503,503,9,0
20260903,20260517__Google__Gemini3_1Pro__LinearNeutral,FANG,0.14617401,196,55.78,ranked,196,/home/hatch/workspace/AgentStockBenchmarkResults/data/universe/20260903.txt,20260903,503,503,9,0
20260903,20260517__Google__Gemini3_1Pro__LinearNeutral,GPN,0.14569995,197,54.78,ranked,197,/home/hatch/workspace/AgentStockBenchmarkResults/data/universe/20260903.txt,20260903,503,503,9,0
20260903,20260517__Google__Gemini3_1Pro__LinearNeutral,CEG,0.14273537,198,53.78,ranked,198,/home/hatch/workspace/AgentStockBenchmarkResults/data/universe/20260903.txt,20260903,503,503,9,0
20260903,20260517__Google__Gemini3_1Pro__LinearNeutral,BEN,0.14146305,199,52.79,ranked,199,/home/hatch/workspace/AgentStockBenchmarkResults/data/universe/20260903.txt,20260903,503,503,9,0
20260903,20260517__Google__Gemini3_1Pro__LinearNeutral,V,0.14086829,200,51.79,ranked,200,/home/hatch/workspace/AgentStockBenchmarkResults/data/universe/20260903.txt,20260903,503,503,9,0
20260903,20260517__Google__Gemini3_1Pro__LinearNeutral,WAT,0.13896489,201,50.8,ranked,201,/home/hatch/workspace/AgentStockBenchmarkResults/data/universe/20260903.txt,20260903,503,503,9,0
20260903,20260517__Google__Gemini3_1Pro__LinearNeutral,VICI,0.13810413,202,49.8,ranked,202,/home/hatch/workspace/AgentStockBenchmarkResults/data/universe/20260903.txt,20260903,503,503,9,0
20260903,20260517__Google__Gemini3_1Pro__LinearNeutral,SNDK,0.13505649,203,48.8,ranked,203,/home/hatch/workspace/AgentStockBenchmarkResults/data/universe/20260903.txt,20260903,503,503,9,0
20260903,20260517__Google__Gemini3_1Pro__LinearNeutral,BRK-B,0.13444893,204,47.81,ranked,204,/home/hatch/workspace/AgentStockBenchmarkResults/data/universe/20260903.txt,20260903,503,503,9,0
20260903,20260517__Google__Gemini3_1Pro__LinearNeutral,TT,0.12804914,205,46.81,ranked,205,/home/hatch/workspace/AgentStockBenchmarkResults/data/universe/20260903.txt,20260903,503,503,9,0
20260903,20260517__Google__Gemini3_1Pro__LinearNeutral,ABBV,0.12575868,206,45.82,ranked,206,/home/hatch/workspace/AgentStockBenchmarkResults/data/universe/20260903.txt,20260903,503,503,9,0
20260903,20260517__Google__Gemini3_1Pro__LinearNeutral,L,0.12517217,207,44.82,ranked,207,/home/hatch/workspace/AgentStockBenchmarkResults/data/universe/20260903.txt,20260903,503,503,9,0
20260903,20260517__Google__Gemini3_1Pro__LinearNeutral,BA,0.12116166,208,43.82,ranked,208,/home/hatch/workspace/AgentStockBenchmarkResults/data/universe/20260903.txt,20260903,503,503,9,0
20260903,20260517__Google__Gemini3_1Pro__LinearNeutral,BG,0.11721831,209,42.83,ranked,209,/home/hatch/workspace/AgentStockBenchmarkResults/data/universe/20260903.txt,20260903,503,503,9,0
20260903,20260517__Google__Gemini3_1Pro__LinearNeutral,DLTR,0.11527698,210,41.83,ranked,210,/home/hatch/workspace/AgentStockBenchmarkResults/data/universe/20260903.txt,20260903,503,503,9,0
20260903,20260517__Google__Gemini3_1Pro__LinearNeutral,DECK,0.10753331,211,40.84,ranked,211,/home/hatch/workspace/AgentStockBenchmarkResults/data/universe/20260903.txt,20260903,503,503,9,0
20260903,20260517__Google__Gemini3_1Pro__LinearNeutral,ORLY,0.10742497,212,39.84,ranked,212,/home/hatch/workspace/AgentStockBenchmarkResults/data/universe/20260903.txt,20260903,503,503,9,0
20260903,20260517__Google__Gemini3_1Pro__LinearNeutral,FTV,0.10647306,213,38.84,ranked,213,/home/hatch/workspace/AgentStockBenchmarkResults/data/universe/20260903.txt,20260903,503,503,9,0
20260903,20260517__Google__Gemini3_1Pro__LinearNeutral,AKAM,0.10311626,214,37.85,ranked,214,/home/hatch/workspace/AgentStockBenchmarkResults/data/universe/20260903.txt,20260903,503,503,9,0
20260903,20260517__Google__Gemini3_1Pro__LinearNeutral,COP,0.09866163,215,36.85,ranked,215,/home/hatch/workspace/AgentStockBenchmarkResults/data/universe/20260903.txt,20260903,503,503,9,0
20260903,20260517__Google__Gemini3_1Pro__LinearNeutral,LOW,0.09684679,216,35.86,ranked,216,/home/hatch/workspace/AgentStockBenchmarkResults/data/universe/20260903.txt,20260903,503,503,9,0
20260903,20260517__Google__Gemini3_1Pro__LinearNeutral,LVS,0.0951828,217,34.86,ranked,217,/home/hatch/workspace/AgentStockBenchmarkResults/data/universe/20260903.txt,20260903,503,503,9,0
20260903,20260517__Google__Gemini3_1Pro__LinearNeutral,TSCO,0.09464747,218,33.86,ranked,218,/home/hatch/workspace/AgentStockBenchmarkResults/data/universe/20260903.txt,20260903,503,503,9,0
20260903,20260517__Google__Gemini3_1Pro__LinearNeutral,DXCM,0.09452386,219,32.87,ranked,219,/home/hatch/workspace/AgentStockBenchmarkResults/data/universe/20260903.txt,20260903,503,503,9,0
20260903,20260517__Google__Gemini3_1Pro__LinearNeutral,DUK,0.09360395,220,31.87,ranked,220,/home/hatch/workspace/AgentStockBenchmarkResults/data/universe/20260903.txt,20260903,503,503,9,0
20260903,20260517__Google__Gemini3_1Pro__LinearNeutral,BDX,0.09251467,221,30.88,ranked,221,/home/hatch/workspace/AgentStockBenchmarkResults/data/universe/20260903.txt,20260903,503,503,9,0
20260903,20260517__Google__Gemini3_1Pro__LinearNeutral,CMCSA,0.08959391,222,29.88,ranked,222,/home/hatch/workspace/AgentStockBenchmarkResults/data/universe/20260903.txt,20260903,503,503,9,0
20260903,20260517__Google__Gemini3_1Pro__LinearNeutral,J,0.08896171,223,28.88,ranked,223,/home/hatch/workspace/AgentStockBenchmarkResults/data/universe/20260903.txt,20260903,503,503,9,0
20260903,20260517__Google__Gemini3_1Pro__LinearNeutral,CMS,0.08642058,224,27.89,ranked,224,/home/hatch/workspace/AgentStockBenchmarkResults/data/universe/20260903.txt,20260903,503,503,9,0
20260903,20260517__Google__Gemini3_1Pro__LinearNeutral,OXY,0.0858355,225,26.89,ranked,225,/home/hatch/workspace/AgentStockBenchmarkResults/data/universe/20260903.txt,20260903,503,503,9,0
20260903,20260517__Google__Gemini3_1Pro__LinearNeutral,TPR,0.08543164,226,25.9,ranked,226,/home/hatch/workspace/AgentStockBenchmarkResults/data/universe/20260903.txt,20260903,503,503,9,0
20260903,20260517__Google__Gemini3_1Pro__LinearNeutral,LHX,0.08195765,227,24.9,ranked,227,/home/hatch/workspace/AgentStockBenchmarkResults/data/universe/20260903.txt,20260903,503,503,9,0
20260903,20260517__Google__Gemini3_1Pro__LinearNeutral,PSA,0.07962709,228,23.9,ranked,228,/home/hatch/workspace/AgentStockBenchmarkResults/data/universe/20260903.txt,20260903,503,503,9,0
20260903,20260517__Google__Gemini3_1Pro__LinearNeutral,VMRK,0.07536486,229,22.91,ranked,229,/home/hatch/workspace/AgentStockBenchmarkResults/data/universe/20260903.txt,20260903,503,503,9,0
20260903,20260517__Google__Gemini3_1Pro__LinearNeutral,PEG,0.0745306,230,21.91,ranked,230,/home/hatch/workspace/AgentStockBenchmarkResults/data/universe/20260903.txt,20260903,503,503,9,0
20260903,20260517__Google__Gemini3_1Pro__LinearNeutral,PFE,0.07438963,231,20.92,ranked,231,/home/hatch/workspace/AgentStockBenchmarkResults/data/universe/20260903.txt,20260903,503,503,9,0
20260903,20260517__Google__Gemini3_1Pro__LinearNeutral,HPE,0.0733436,232,19.92,ranked,232,/home/hatch/workspace/AgentStockBenchmarkResults/data/universe/20260903.txt,20260903,503,503,9,0
20260903,20260517__Google__Gemini3_1Pro__LinearNeutral,DTE,0.07020246,233,18.92,ranked,233,/home/hatch/workspace/AgentStockBenchmarkResults/data/universe/20260903.txt,20260903,503,503,9,0
20260903,20260517__Google__Gemini3_1Pro__LinearNeutral,PWR,0.06802101,234,17.93,ranked,234,/home/hatch/workspace/AgentStockBenchmarkResults/data/universe/20260903.txt,20260903,503,503,9,0
20260903,20260517__Google__Gemini3_1Pro__LinearNeutral,ON,0.06521765,235,16.93,ranked,235,/home/hatch/workspace/AgentStockBenchmarkResults/data/universe/20260903.txt,20260903,503,503,9,0
20260903,20260517__Google__Gemini3_1Pro__LinearNeutral,ALGN,0.06322457,236,15.94,ranked,236,/home/hatch/workspace/AgentStockBenchmarkResults/data/universe/20260903.txt,20260903,503,503,9,0
20260903,20260517__Google__Gemini3_1Pro__LinearNeutral,FITB,0.06299386,237,14.94,ranked,237,/home/hatch/workspace/AgentStockBenchmarkResults/data/universe/20260903.txt,20260903,503,503,9,0
20260903,20260517__Google__Gemini3_1Pro__LinearNeutral,TROW,0.06299034,238,13.94,ranked,238,/home/hatch/workspace/AgentStockBenchmarkResults/data/universe/20260903.txt,20260903,503,503,9,0
20260903,20260517__Google__Gemini3_1Pro__LinearNeutral,CVS,0.0618386,239,12.95,ranked,239,/home/hatch/workspace/AgentStockBenchmarkResults/data/universe/20260903.txt,20260903,503,503,9,0
20260903,20260517__Google__Gemini3_1Pro__LinearNeutral,NOC,0.06164707,240,11.95,ranked,240,/home/hatch/workspace/AgentStockBenchmarkResults/data/universe/20260903.txt,20260903,503,503,9,0
20260903,20260517__Google__Gemini3_1Pro__LinearNeutral,ROL,0.06122818,241,10.96,ranked,241,/home/hatch/workspace/AgentStockBenchmarkResults/data/universe/20260903.txt,20260903,503,503,9,0
20260903,20260517__Google__Gemini3_1Pro__LinearNeutral,VLTO,0.06048456,242,9.96,ranked,242,/home/hatch/workspace/AgentStockBenchmarkResults/data/universe/20260903.txt,20260903,503,503,9,0
20260903,20260517__Google__Gemini3_1Pro__LinearNeutral,DDOG,0.05667429,243,8.96,ranked,243,/home/hatch/workspace/AgentStockBenchmarkResults/data/universe/20260903.txt,20260903,503,503,9,0
20260903,20260517__Google__Gemini3_1Pro__LinearNeutral,EQT,0.05368743,244,7.97,ranked,244,/home/hatch/workspace/AgentStockBenchmarkResults/data/universe/20260903.txt,20260903,503,503,9,0
20260903,20260517__Google__Gemini3_1Pro__LinearNeutral,TGT,0.05207554,245,6.97,ranked,245,/home/hatch/workspace/AgentStockBenchmarkResults/data/universe/20260903.txt,20260903,503,503,9,0
20260903,20260517__Google__Gemini3_1Pro__LinearNeutral,OKE,0.05183545,246,5.98,ranked,246,/home/hatch/workspace/AgentStockBenchmarkResults/data/universe/20260903.txt,20260903,503,503,9,0
20260903,20260517__Google__Gemini3_1Pro__LinearNeutral,COO,0.04833112,247,4.98,ranked,247,/home/hatch/workspace/AgentStockBenchmarkResults/data/universe/20260903.txt,20260903,503,503,9,0
20260903,20260517__Google__Gemini3_1Pro__LinearNeutral,EQIX,0.04447946,248,3.98,ranked,248,/home/hatch/workspace/AgentStockBenchmarkResults/data/universe/20260903.txt,20260903,503,503,9,0
20260903,20260517__Google__Gemini3_1Pro__LinearNeutral,XEL,0.04439724,249,2.99,ranked,249,/home/hatch/workspace/AgentStockBenchmarkResults/data/universe/20260903.txt,20260903,503,503,9,0
20260903,20260517__Google__Gemini3_1Pro__LinearNeutral,EBAY,0.04387429,250,1.99,ranked,250,/home/hatch/workspace/AgentStockBenchmarkResults/data/universe/20260903.txt,20260903,503,503,9,0
20260903,20260517__Google__Gemini3_1Pro__LinearNeutral,CHTR,0.04328206,251,1.0,ranked,251,/home/hatch/workspace/AgentStockBenchmarkResults/data/universe/20260903.txt,20260903,503,503,9,0
20260903,20260517__Google__Gemini3_1Pro__LinearNeutral,WELL,0.04316098,252,0.0,ranked,252,/home/hatch/workspace/AgentStockBenchmarkResults/data/universe/20260903.txt,20260903,503,503,9,0
20260903,20260517__Google__Gemini3_1Pro__LinearNeutral,ISRG,0.04287834,253,-1.0,ranked,253,/home/hatch/workspace/AgentStockBenchmarkResults/data/universe/20260903.txt,20260903,503,503,9,0
20260903,20260517__Google__Gemini3_1Pro__LinearNeutral,DHR,0.04281344,254,-1.99,ranked,254,/home/hatch/workspace/AgentStockBenchmarkResults/data/universe/20260903.txt,20260903,503,503,9,0
20260903,20260517__Google__Gemini3_1Pro__LinearNeutral,MCK,0.04094417,255,-2.99,ranked,255,/home/hatch/workspace/AgentStockBenchmarkResults/data/universe/20260903.txt,20260903,503,503,9,0
20260903,20260517__Google__Gemini3_1Pro__LinearNeutral,STLD,0.04078165,256,-3.98,ranked,256,/home/hatch/workspace/AgentStockBenchmarkResults/data/universe/20260903.txt,20260903,503,503,9,0
20260903,20260517__Google__Gemini3_1Pro__LinearNeutral,ETR,0.03905614,257,-4.98,ranked,257,/home/hatch/workspace/AgentStockBenchmarkResults/data/universe/20260903.txt,20260903,503,503,9,0
20260903,20260517__Google__Gemini3_1Pro__LinearNeutral,TAP,0.03890742,258,-5.98,ranked,258,/home/hatch/workspace/AgentStockBenchmarkResults/data/universe/20260903.txt,20260903,503,503,9,0
20260903,20260517__Google__Gemini3_1Pro__LinearNeutral,JBL,0.03827178,259,-6.97,ranked,259,/home/hatch/workspace/AgentStockBenchmarkResults/data/universe/20260903.txt,20260903,503,503,9,0
20260903,20260517__Google__Gemini3_1Pro__LinearNeutral,QCOM,0.03694029,260,-7.97,ranked,260,/home/hatch/workspace/AgentStockBenchmarkResults/data/universe/20260903.txt,20260903,503,503,9,0
20260903,20260517__Google__Gemini3_1Pro__LinearNeutral,ATO,0.03573462,261,-8.96,ranked,261,/home/hatch/workspace/AgentStockBenchmarkResults/data/universe/20260903.txt,20260903,503,503,9,0
20260903,20260517__Google__Gemini3_1Pro__LinearNeutral,AIG,0.03478247,262,-9.96,ranked,262,/home/hatch/workspace/AgentStockBenchmarkResults/data/universe/20260903.txt,20260903,503,503,9,0
20260903,20260517__Google__Gemini3_1Pro__LinearNeutral,EXE,0.03283859,263,-10.96,ranked,263,/home/hatch/workspace/AgentStockBenchmarkResults/data/universe/20260903.txt,20260903,503,503,9,0
20260903,20260517__Google__Gemini3_1Pro__LinearNeutral,GPC,0.03283432,264,-11.95,ranked,264,/home/hatch/workspace/AgentStockBenchmarkResults/data/universe/20260903.txt,20260903,503,503,9,0
20260903,20260517__Google__Gemini3_1Pro__LinearNeutral,WEC,0.03079886,265,-12.95,ranked,265,/home/hatch/workspace/AgentStockBenchmarkResults/data/universe/20260903.txt,20260903,503,503,9,0
20260903,20260517__Google__Gemini3_1Pro__LinearNeutral,PCAR,0.02818221,266,-13.94,ranked,266,/home/hatch/workspace/AgentStockBenchmarkResults/data/universe/20260903.txt,20260903,503,503,9,0
20260903,20260517__Google__Gemini3_1Pro__LinearNeutral,DRI,0.02672849,267,-14.94,ranked,267,/home/hatch/workspace/AgentStockBenchmarkResults/data/universe/20260903.txt,20260903,503,503,9,0
20260903,20260517__Google__Gemini3_1Pro__LinearNeutral,AEP,0.02089996,268,-15.94,ranked,268,/home/hatch/workspace/AgentStockBenchmarkResults/data/universe/20260903.txt,20260903,503,503,9,0
20260903,20260517__Google__Gemini3_1Pro__LinearNeutral,CTAS,0.02086535,269,-16.93,ranked,269,/home/hatch/workspace/AgentStockBenchmarkResults/data/universe/20260903.txt,20260903,503,503,9,0
20260903,20260517__Google__Gemini3_1Pro__LinearNeutral,EIX,0.01688009,270,-17.93,ranked,270,/home/hatch/workspace/AgentStockBenchmarkResults/data/universe/20260903.txt,20260903,503,503,9,0
20260903,20260517__Google__Gemini3_1Pro__LinearNeutral,TPL,0.01459089,271,-18.92,ranked,271,/home/hatch/workspace/AgentStockBenchmarkResults/data/universe/20260903.txt,20260903,503,503,9,0
20260903,20260517__Google__Gemini3_1Pro__LinearNeutral,D,0.01367115,272,-19.92,ranked,272,/home/hatch/workspace/AgentStockBenchmarkResults/data/universe/20260903.txt,20260903,503,503,9,0
20260903,20260517__Google__Gemini3_1Pro__LinearNeutral,MAS,0.01200692,273,-20.92,ranked,273,/home/hatch/workspace/AgentStockBenchmarkResults/data/universe/20260903.txt,20260903,503,503,9,0
20260903,20260517__Google__Gemini3_1Pro__LinearNeutral,RL,0.0087442,274,-21.91,ranked,274,/home/hatch/workspace/AgentStockBenchmarkResults/data/universe/20260903.txt,20260903,503,503,9,0
20260903,20260517__Google__Gemini3_1Pro__LinearNeutral,APA,0.00408236,275,-22.91,ranked,275,/home/hatch/workspace/AgentStockBenchmarkResults/data/universe/20260903.txt,20260903,503,503,9,0
20260903,20260517__Google__Gemini3_1Pro__LinearNeutral,PNC,0.00057271,276,-23.9,ranked,276,/home/hatch/workspace/AgentStockBenchmarkResults/data/universe/20260903.txt,20260903,503,503,9,0
20260903,20260517__Google__Gemini3_1Pro__LinearNeutral,CRL,-0.00451676,277,-24.9,ranked,286,/home/hatch/workspace/AgentStockBenchmarkResults/data/universe/20260903.txt,20260903,503,503,9,0
20260903,20260517__Google__Gemini3_1Pro__LinearNeutral,SLB,-0.00835444,278,-25.9,ranked,287,/home/hatch/workspace/AgentStockBenchmarkResults/data/universe/20260903.txt,20260903,503,503,9,0
20260903,20260517__Google__Gemini3_1Pro__LinearNeutral,ADM,-0.01116941,279,-26.89,ranked,288,/home/hatch/workspace/AgentStockBenchmarkResults/data/universe/20260903.txt,20260903,503,503,9,0
20260903,20260517__Google__Gemini3_1Pro__LinearNeutral,TRGP,-0.01257844,280,-27.89,ranked,289,/home/hatch/workspace/AgentStockBenchmarkResults/data/universe/20260903.txt,20260903,503,503,9,0
20260903,20260517__Google__Gemini3_1Pro__LinearNeutral,ED,-0.01280854,281,-28.88,ranked,290,/home/hatch/workspace/AgentStockBenchmarkResults/data/universe/20260903.txt,20260903,503,503,9,0
20260903,20260517__Google__Gemini3_1Pro__LinearNeutral,CHRW,-0.01346189,282,-29.88,ranked,291,/home/hatch/workspace/AgentStockBenchmarkResults/data/universe/20260903.txt,20260903,503,503,9,0
20260903,20260517__Google__Gemini3_1Pro__LinearNeutral,BAC,-0.01495727,283,-30.88,ranked,292,/home/hatch/workspace/AgentStockBenchmarkResults/data/universe/20260903.txt,20260903,503,503,9,0
20260903,20260517__Google__Gemini3_1Pro__LinearNeutral,REGN,-0.01689315,284,-31.87,ranked,293,/home/hatch/workspace/AgentStockBenchmarkResults/data/universe/20260903.txt,20260903,503,503,9,0
20260903,20260517__Google__Gemini3_1Pro__LinearNeutral,NEE,-0.01811282,285,-32.87,ranked,294,/home/hatch/workspace/AgentStockBenchmarkResults/data/universe/20260903.txt,20260903,503,503,9,0
20260903,20260517__Google__Gemini3_1Pro__LinearNeutral,MO,-0.01953486,286,-33.86,ranked,295,/home/hatch/workspace/AgentStockBenchmarkResults/data/universe/20260903.txt,20260903,503,503,9,0
20260903,20260517__Google__Gemini3_1Pro__LinearNeutral,BX,-0.02018085,287,-34.86,ranked,296,/home/hatch/workspace/AgentStockBenchmarkResults/data/universe/20260903.txt,20260903,503,503,9,0
20260903,20260517__Google__Gemini3_1Pro__LinearNeutral,GOOG,-0.02259018,288,-35.86,ranked,297,/home/hatch/workspace/AgentStockBenchmarkResults/data/universe/20260903.txt,20260903,503,503,9,0
20260903,20260517__Google__Gemini3_1Pro__LinearNeutral,EVRG,-0.02281153,289,-36.85,ranked,298,/home/hatch/workspace/AgentStockBenchmarkResults/data/universe/20260903.txt,20260903,503,503,9,0
20260903,20260517__Google__Gemini3_1Pro__LinearNeutral,PHM,-0.02311474,290,-37.85,ranked,299,/home/hatch/workspace/AgentStockBenchmarkResults/data/universe/20260903.txt,20260903,503,503,9,0
20260903,20260517__Google__Gemini3_1Pro__LinearNeutral,PAYX,-0.02505077,291,-38.84,ranked,300,/home/hatch/workspace/AgentStockBenchmarkResults/data/universe/20260903.txt,20260903,503,503,9,0
20260903,20260517__Google__Gemini3_1Pro__LinearNeutral,AMGN,-0.02710044,292,-39.84,ranked,301,/home/hatch/workspace/AgentStockBenchmarkResults/data/universe/20260903.txt,20260903,503,503,9,0
20260903,20260517__Google__Gemini3_1Pro__LinearNeutral,VRSN,-0.03408941,293,-40.84,ranked,302,/home/hatch/workspace/AgentStockBenchmarkResults/data/universe/20260903.txt,20260903,503,503,9,0
20260903,20260517__Google__Gemini3_1Pro__LinearNeutral,USB,-0.03811212,294,-41.83,ranked,303,/home/hatch/workspace/AgentStockBenchmarkResults/data/universe/20260903.txt,20260903,503,503,9,0
20260903,20260517__Google__Gemini3_1Pro__LinearNeutral,JCI,-0.03896244,295,-42.83,ranked,304,/home/hatch/workspace/AgentStockBenchmarkResults/data/universe/20260903.txt,20260903,503,503,9,0
20260903,20260517__Google__Gemini3_1Pro__LinearNeutral,AIZ,-0.04213354,296,-43.82,ranked,305,/home/hatch/workspace/AgentStockBenchmarkResults/data/universe/20260903.txt,20260903,503,503,9,0
20260903,20260517__Google__Gemini3_1Pro__LinearNeutral,EXC,-0.04352081,297,-44.82,ranked,306,/home/hatch/workspace/AgentStockBenchmarkResults/data/universe/20260903.txt,20260903,503,503,9,0
20260903,20260517__Google__Gemini3_1Pro__LinearNeutral,CBOE,-0.04405768,298,-45.82,ranked,307,/home/hatch/workspace/AgentStockBenchmarkResults/data/universe/20260903.txt,20260903,503,503,9,0
20260903,20260517__Google__Gemini3_1Pro__LinearNeutral,DVA,-0.0463141,299,-46.81,ranked,308,/home/hatch/workspace/AgentStockBenchmarkResults/data/universe/20260903.txt,20260903,503,503,9,0
20260903,20260517__Google__Gemini3_1Pro__LinearNeutral,HAL,-0.04699422,300,-47.81,ranked,309,/home/hatch/workspace/AgentStockBenchmarkResults/data/universe/20260903.txt,20260903,503,503,9,0
20260903,20260517__Google__Gemini3_1Pro__LinearNeutral,SRE,-0.0519117,301,-48.8,ranked,310,/home/hatch/workspace/AgentStockBenchmarkResults/data/universe/20260903.txt,20260903,503,503,9,0
20260903,20260517__Google__Gemini3_1Pro__LinearNeutral,WM,-0.05288494,302,-49.8,ranked,311,/home/hatch/workspace/AgentStockBenchmarkResults/data/universe/20260903.txt,20260903,503,503,9,0
20260903,20260517__Google__Gemini3_1Pro__LinearNeutral,OTIS,-0.05389879,303,-50.8,ranked,312,/home/hatch/workspace/AgentStockBenchmarkResults/data/universe/20260903.txt,20260903,503,503,9,0
20260903,20260517__Google__Gemini3_1Pro__LinearNeutral,BLK,-0.05678927,304,-51.79,ranked,313,/home/hatch/workspace/AgentStockBenchmarkResults/data/universe/20260903.txt,20260903,503,503,9,0
20260903,20260517__Google__Gemini3_1Pro__LinearNeutral,NI,-0.05834843,305,-52.79,ranked,314,/home/hatch/workspace/AgentStockBenchmarkResults/data/universe/20260903.txt,20260903,503,503,9,0
20260903,20260517__Google__Gemini3_1Pro__LinearNeutral,UHS,-0.05996574,306,-53.78,ranked,315,/home/hatch/workspace/AgentStockBenchmarkResults/data/universe/20260903.txt,20260903,503,503,9,0
20260903,20260517__Google__Gemini3_1Pro__LinearNeutral,FSLR,-0.06201932,307,-54.78,ranked,316,/home/hatch/workspace/AgentStockBenchmarkResults/data/universe/20260903.txt,20260903,503,503,9,0
20260903,20260517__Google__Gemini3_1Pro__LinearNeutral,ES,-0.06551413,308,-55.78,ranked,317,/home/hatch/workspace/AgentStockBenchmarkResults/data/universe/20260903.txt,20260903,503,503,9,0
20260903,20260517__Google__Gemini3_1Pro__LinearNeutral,CNP,-0.06696429,309,-56.77,ranked,318,/home/hatch/workspace/AgentStockBenchmarkResults/data/universe/20260903.txt,20260903,503,503,9,0
20260903,20260517__Google__Gemini3_1Pro__LinearNeutral,BMY,-0.07178789,310,-57.77,ranked,319,/home/hatch/workspace/AgentStockBenchmarkResults/data/universe/20260903.txt,20260903,503,503,9,0
20260903,20260517__Google__Gemini3_1Pro__LinearNeutral,CNC,-0.07331373,311,-58.76,ranked,320,/home/hatch/workspace/AgentStockBenchmarkResults/data/universe/20260903.txt,20260903,503,503,9,0
20260903,20260517__Google__Gemini3_1Pro__LinearNeutral,ADP,-0.07552953,312,-59.76,ranked,321,/home/hatch/workspace/AgentStockBenchmarkResults/data/universe/20260903.txt,20260903,503,503,9,0
20260903,20260517__Google__Gemini3_1Pro__LinearNeutral,HBAN,-0.07741648,313,-60.76,ranked,322,/home/hatch/workspace/AgentStockBenchmarkResults/data/universe/20260903.txt,20260903,503,503,9,0
20260903,20260517__Google__Gemini3_1Pro__LinearNeutral,GEV,-0.07820354,314,-61.75,ranked,323,/home/hatch/workspace/AgentStockBenchmarkResults/data/universe/20260903.txt,20260903,503,503,9,0
20260903,20260517__Google__Gemini3_1Pro__LinearNeutral,DLR,-0.08062764,315,-62.75,ranked,324,/home/hatch/workspace/AgentStockBenchmarkResults/data/universe/20260903.txt,20260903,503,503,9,0
20260903,20260517__Google__Gemini3_1Pro__LinearNeutral,KR,-0.08138871,316,-63.75,ranked,325,/home/hatch/workspace/AgentStockBenchmarkResults/data/universe/20260903.txt,20260903,503,503,9,0
20260903,20260517__Google__Gemini3_1Pro__LinearNeutral,ZBRA,-0.08151174,317,-64.74,ranked,326,/home/hatch/workspace/AgentStockBenchmarkResults/data/universe/20260903.txt,20260903,503,503,9,0
20260903,20260517__Google__Gemini3_1Pro__LinearNeutral,GOOGL,-0.08605994,318,-65.74,ranked,327,/home/hatch/workspace/AgentStockBenchmarkResults/data/universe/20260903.txt,20260903,503,503,9,0
20260903,20260517__Google__Gemini3_1Pro__LinearNeutral,RF,-0.0876672,319,-66.73,ranked,328,/home/hatch/workspace/AgentStockBenchmarkResults/data/universe/20260903.txt,20260903,503,503,9,0
20260903,20260517__Google__Gemini3_1Pro__LinearNeutral,AFL,-0.08783374,320,-67.73,ranked,329,/home/hatch/workspace/AgentStockBenchmarkResults/data/universe/20260903.txt,20260903,503,503,9,0
20260903,20260517__Google__Gemini3_1Pro__LinearNeutral,HUBB,-0.09243888,321,-68.73,ranked,330,/home/hatch/workspace/AgentStockBenchmarkResults/data/universe/20260903.txt,20260903,503,503,9,0
20260903,20260517__Google__Gemini3_1Pro__LinearNeutral,DVN,-0.09394329,322,-69.72,ranked,331,/home/hatch/workspace/AgentStockBenchmarkResults/data/universe/20260903.txt,20260903,503,503,9,0
20260903,20260517__Google__Gemini3_1Pro__LinearNeutral,NWS,-0.09398413,323,-70.72,ranked,332,/home/hatch/workspace/AgentStockBenchmarkResults/data/universe/20260903.txt,20260903,503,503,9,0
20260903,20260517__Google__Gemini3_1Pro__LinearNeutral,HONA,-0.09447394,324,-71.71,ranked,333,/home/hatch/workspace/AgentStockBenchmarkResults/data/universe/20260903.txt,20260903,503,503,9,0
20260903,20260517__Google__Gemini3_1Pro__LinearNeutral,XYZ,-0.09622037,325,-72.71,ranked,334,/home/hatch/workspace/AgentStockBenchmarkResults/data/universe/20260903.txt,20260903,503,503,9,0
20260903,20260517__Google__Gemini3_1Pro__LinearNeutral,IRM,-0.09670942,326,-73.71,ranked,335,/home/hatch/workspace/AgentStockBenchmarkResults/data/universe/20260903.txt,20260903,503,503,9,0
20260903,20260517__Google__Gemini3_1Pro__LinearNeutral,WFC,-0.09845302,327,-74.7,ranked,336,/home/hatch/workspace/AgentStockBenchmarkResults/data/universe/20260903.txt,20260903,503,503,9,0
20260903,20260517__Google__Gemini3_1Pro__LinearNeutral,ERIE,-0.10895742,328,-75.7,ranked,337,/home/hatch/workspace/AgentStockBenchmarkResults/data/universe/20260903.txt,20260903,503,503,9,0
20260903,20260517__Google__Gemini3_1Pro__LinearNeutral,PTC,-0.11206458,329,-76.69,ranked,338,/home/hatch/workspace/AgentStockBenchmarkResults/data/universe/20260903.txt,20260903,503,503,9,0
20260903,20260517__Google__Gemini3_1Pro__LinearNeutral,RVTY,-0.11408667,330,-77.69,ranked,339,/home/hatch/workspace/AgentStockBenchmarkResults/data/universe/20260903.txt,20260903,503,503,9,0
20260903,20260517__Google__Gemini3_1Pro__LinearNeutral,CTVA,-0.11440502,331,-78.69,ranked,340,/home/hatch/workspace/AgentStockBenchmarkResults/data/universe/20260903.txt,20260903,503,503,9,0
20260903,20260517__Google__Gemini3_1Pro__LinearNeutral,KEY,-0.11645237,332,-79.68,ranked,341,/home/hatch/workspace/AgentStockBenchmarkResults/data/universe/20260903.txt,20260903,503,503,9,0
20260903,20260517__Google__Gemini3_1Pro__LinearNeutral,MRNA,-0.12568136,333,-80.68,ranked,342,/home/hatch/workspace/AgentStockBenchmarkResults/data/universe/20260903.txt,20260903,503,503,9,0
20260903,20260517__Google__Gemini3_1Pro__LinearNeutral,UBER,-0.12737419,334,-81.67,ranked,343,/home/hatch/workspace/AgentStockBenchmarkResults/data/universe/20260903.txt,20260903,503,503,9,0
20260903,20260517__Google__Gemini3_1Pro__LinearNeutral,NVR,-0.12925851,335,-82.67,ranked,344,/home/hatch/workspace/AgentStockBenchmarkResults/data/universe/20260903.txt,20260903,503,503,9,0
20260903,20260517__Google__Gemini3_1Pro__LinearNeutral,NRG,-0.12959254,336,-83.67,ranked,345,/home/hatch/workspace/AgentStockBenchmarkResults/data/universe/20260903.txt,20260903,503,503,9,0
20260903,20260517__Google__Gemini3_1Pro__LinearNeutral,YUM,-0.13156561,337,-84.66,ranked,346,/home/hatch/workspace/AgentStockBenchmarkResults/data/universe/20260903.txt,20260903,503,503,9,0
20260903,20260517__Google__Gemini3_1Pro__LinearNeutral,NWSA,-0.13553312,338,-85.66,ranked,347,/home/hatch/workspace/AgentStockBenchmarkResults/data/universe/20260903.txt,20260903,503,503,9,0
20260903,20260517__Google__Gemini3_1Pro__LinearNeutral,MTB,-0.13589488,339,-86.65,ranked,348,/home/hatch/workspace/AgentStockBenchmarkResults/data/universe/20260903.txt,20260903,503,503,9,0
20260903,20260517__Google__Gemini3_1Pro__LinearNeutral,EL,-0.13995802,340,-87.65,ranked,349,/home/hatch/workspace/AgentStockBenchmarkResults/data/universe/20260903.txt,20260903,503,503,9,0
20260903,20260517__Google__Gemini3_1Pro__LinearNeutral,ANET,-0.1400239,341,-88.65,ranked,350,/home/hatch/workspace/AgentStockBenchmarkResults/data/universe/20260903.txt,20260903,503,503,9,0
20260903,20260517__Google__Gemini3_1Pro__LinearNeutral,AMZN,-0.14593998,342,-89.64,ranked,351,/home/hatch/workspace/AgentStockBenchmarkResults/data/universe/20260903.txt,20260903,503,503,9,0
20260903,20260517__Google__Gemini3_1Pro__LinearNeutral,AAPL,-0.14777749,343,-90.64,ranked,352,/home/hatch/workspace/AgentStockBenchmarkResults/data/universe/20260903.txt,20260903,503,503,9,0
20260903,20260517__Google__Gemini3_1Pro__LinearNeutral,NTRS,-0.15061326,344,-91.63,ranked,353,/home/hatch/workspace/AgentStockBenchmarkResults/data/universe/20260903.txt,20260903,503,503,9,0
20260903,20260517__Google__Gemini3_1Pro__LinearNeutral,AZO,-0.1517021,345,-92.63,ranked,354,/home/hatch/workspace/AgentStockBenchmarkResults/data/universe/20260903.txt,20260903,503,503,9,0
20260903,20260517__Google__Gemini3_1Pro__LinearNeutral,FAST,-0.15614556,346,-93.63,ranked,355,/home/hatch/workspace/AgentStockBenchmarkResults/data/universe/20260903.txt,20260903,503,503,9,0
20260903,20260517__Google__Gemini3_1Pro__LinearNeutral,CINF,-0.16312459,347,-94.62,ranked,356,/home/hatch/workspace/AgentStockBenchmarkResults/data/universe/20260903.txt,20260903,503,503,9,0
20260903,20260517__Google__Gemini3_1Pro__LinearNeutral,BF-B,-0.1673918,348,-95.62,ranked,357,/home/hatch/workspace/AgentStockBenchmarkResults/data/universe/20260903.txt,20260903,503,503,9,0
20260903,20260517__Google__Gemini3_1Pro__LinearNeutral,GWW,-0.16845828,349,-96.61,ranked,358,/home/hatch/workspace/AgentStockBenchmarkResults/data/universe/20260903.txt,20260903,503,503,9,0
20260903,20260517__Google__Gemini3_1Pro__LinearNeutral,VZ,-0.17018378,350,-97.61,ranked,359,/home/hatch/workspace/AgentStockBenchmarkResults/data/universe/20260903.txt,20260903,503,503,9,0
20260903,20260517__Google__Gemini3_1Pro__LinearNeutral,FE,-0.17082309,351,-98.61,ranked,360,/home/hatch/workspace/AgentStockBenchmarkResults/data/universe/20260903.txt,20260903,503,503,9,0
20260903,20260517__Google__Gemini3_1Pro__LinearNeutral,SWKS,-0.17754286,352,-99.6,ranked,361,/home/hatch/workspace/AgentStockBenchmarkResults/data/universe/20260903.txt,20260903,503,503,9,0
20260903,20260517__Google__Gemini3_1Pro__LinearNeutral,WTW,-0.17778716,353,-100.6,ranked,362,/home/hatch/workspace/AgentStockBenchmarkResults/data/universe/20260903.txt,20260903,503,503,9,0
20260903,20260517__Google__Gemini3_1Pro__LinearNeutral,TRV,-0.1828626,354,-101.59,ranked,363,/home/hatch/workspace/AgentStockBenchmarkResults/data/universe/20260903.txt,20260903,503,503,9,0
20260903,20260517__Google__Gemini3_1Pro__LinearNeutral,CVX,-0.18517799,355,-102.59,ranked,364,/home/hatch/workspace/AgentStockBenchmarkResults/data/universe/20260903.txt,20260903,503,503,9,0
20260903,20260517__Google__Gemini3_1Pro__LinearNeutral,IBM,-0.1908903,356,-103.59,ranked,365,/home/hatch/workspace/AgentStockBenchmarkResults/data/universe/20260903.txt,20260903,503,503,9,0
20260903,20260517__Google__Gemini3_1Pro__LinearNeutral,TMO,-0.19463623,357,-104.58,ranked,366,/home/hatch/workspace/AgentStockBenchmarkResults/data/universe/20260903.txt,20260903,503,503,9,0
20260903,20260517__Google__Gemini3_1Pro__LinearNeutral,PSX,-0.19679743,358,-105.58,ranked,367,/home/hatch/workspace/AgentStockBenchmarkResults/data/universe/20260903.txt,20260903,503,503,9,0
20260903,20260517__Google__Gemini3_1Pro__LinearNeutral,GL,-0.19950142,359,-106.57,ranked,368,/home/hatch/workspace/AgentStockBenchmarkResults/data/universe/20260903.txt,20260903,503,503,9,0
20260903,20260517__Google__Gemini3_1Pro__LinearNeutral,TKO,-0.1996609,360,-107.57,ranked,369,/home/hatch/workspace/AgentStockBenchmarkResults/data/universe/20260903.txt,20260903,503,503,9,0
20260903,20260517__Google__Gemini3_1Pro__LinearNeutral,JKHY,-0.20178812,361,-108.57,ranked,370,/home/hatch/workspace/AgentStockBenchmarkResults/data/universe/20260903.txt,20260903,503,503,9,0
20260903,20260517__Google__Gemini3_1Pro__LinearNeutral,DPZ,-0.20562213,362,-109.56,ranked,371,/home/hatch/workspace/AgentStockBenchmarkResults/data/universe/20260903.txt,20260903,503,503,9,0
20260903,20260517__Google__Gemini3_1Pro__LinearNeutral,VRTX,-0.20581204,363,-110.56,ranked,372,/home/hatch/workspace/AgentStockBenchmarkResults/data/universe/20260903.txt,20260903,503,503,9,0
20260903,20260517__Google__Gemini3_1Pro__LinearNeutral,CF,-0.20911546,364,-111.55,ranked,373,/home/hatch/workspace/AgentStockBenchmarkResults/data/universe/20260903.txt,20260903,503,503,9,0
20260903,20260517__Google__Gemini3_1Pro__LinearNeutral,ACGL,-0.21174657,365,-112.55,ranked,374,/home/hatch/workspace/AgentStockBenchmarkResults/data/universe/20260903.txt,20260903,503,503,9,0
20260903,20260517__Google__Gemini3_1Pro__LinearNeutral,ALL,-0.21230801,366,-113.55,ranked,375,/home/hatch/workspace/AgentStockBenchmarkResults/data/universe/20260903.txt,20260903,503,503,9,0
20260903,20260517__Google__Gemini3_1Pro__LinearNeutral,JPM,-0.21373249,367,-114.54,ranked,376,/home/hatch/workspace/AgentStockBenchmarkResults/data/universe/20260903.txt,20260903,503,503,9,0
20260903,20260517__Google__Gemini3_1Pro__LinearNeutral,CVNA,-0.21665889,368,-115.54,ranked,377,/home/hatch/workspace/AgentStockBenchmarkResults/data/universe/20260903.txt,20260903,503,503,9,0
20260903,20260517__Google__Gemini3_1Pro__LinearNeutral,FDX,-0.21834194,369,-116.53,ranked,378,/home/hatch/workspace/AgentStockBenchmarkResults/data/universe/20260903.txt,20260903,503,503,9,0
20260903,20260517__Google__Gemini3_1Pro__LinearNeutral,AWK,-0.21900449,370,-117.53,ranked,379,/home/hatch/workspace/AgentStockBenchmarkResults/data/universe/20260903.txt,20260903,503,503,9,0
20260903,20260517__Google__Gemini3_1Pro__LinearNeutral,BNY,-0.22305469,371,-118.53,ranked,380,/home/hatch/workspace/AgentStockBenchmarkResults/data/universe/20260903.txt,20260903,503,503,9,0
20260903,20260517__Google__Gemini3_1Pro__LinearNeutral,KDP,-0.22651438,372,-119.52,ranked,381,/home/hatch/workspace/AgentStockBenchmarkResults/data/universe/20260903.txt,20260903,503,503,9,0
20260903,20260517__Google__Gemini3_1Pro__LinearNeutral,BXP,-0.23679992,373,-120.52,ranked,382,/home/hatch/workspace/AgentStockBenchmarkResults/data/universe/20260903.txt,20260903,503,503,9,0
20260903,20260517__Google__Gemini3_1Pro__LinearNeutral,STT,-0.2411794,374,-121.51,ranked,383,/home/hatch/workspace/AgentStockBenchmarkResults/data/universe/20260903.txt,20260903,503,503,9,0
20260903,20260517__Google__Gemini3_1Pro__LinearNeutral,HCA,-0.24187533,375,-122.51,ranked,384,/home/hatch/workspace/AgentStockBenchmarkResults/data/universe/20260903.txt,20260903,503,503,9,0
20260903,20260517__Google__Gemini3_1Pro__LinearNeutral,TFC,-0.24451857,376,-123.51,ranked,385,/home/hatch/workspace/AgentStockBenchmarkResults/data/universe/20260903.txt,20260903,503,503,9,0
20260903,20260517__Google__Gemini3_1Pro__LinearNeutral,BIIB,-0.25268549,377,-124.5,ranked,386,/home/hatch/workspace/AgentStockBenchmarkResults/data/universe/20260903.txt,20260903,503,503,9,0
20260903,20260517__Google__Gemini3_1Pro__LinearNeutral,CARR,-0.25434383,378,-125.5,ranked,387,/home/hatch/workspace/AgentStockBenchmarkResults/data/universe/20260903.txt,20260903,503,503,9,0
20260903,20260517__Google__Gemini3_1Pro__LinearNeutral,PPL,-0.25687635,379,-126.49,ranked,388,/home/hatch/workspace/AgentStockBenchmarkResults/data/universe/20260903.txt,20260903,503,503,9,0
20260903,20260517__Google__Gemini3_1Pro__LinearNeutral,BRO,-0.2675758,380,-127.49,ranked,389,/home/hatch/workspace/AgentStockBenchmarkResults/data/universe/20260903.txt,20260903,503,503,9,0
20260903,20260517__Google__Gemini3_1Pro__LinearNeutral,JBHT,-0.26890128,381,-128.49,ranked,390,/home/hatch/workspace/AgentStockBenchmarkResults/data/universe/20260903.txt,20260903,503,503,9,0
20260903,20260517__Google__Gemini3_1Pro__LinearNeutral,COR,-0.27355359,382,-129.48,ranked,391,/home/hatch/workspace/AgentStockBenchmarkResults/data/universe/20260903.txt,20260903,503,503,9,0
20260903,20260517__Google__Gemini3_1Pro__LinearNeutral,RSG,-0.2788253,383,-130.48,ranked,392,/home/hatch/workspace/AgentStockBenchmarkResults/data/universe/20260903.txt,20260903,503,503,9,0
20260903,20260517__Google__Gemini3_1Pro__LinearNeutral,BR,-0.27905101,384,-131.47,ranked,393,/home/hatch/workspace/AgentStockBenchmarkResults/data/universe/20260903.txt,20260903,503,503,9,0
20260903,20260517__Google__Gemini3_1Pro__LinearNeutral,CAH,-0.28376108,385,-132.47,ranked,394,/home/hatch/workspace/AgentStockBenchmarkResults/data/universe/20260903.txt,20260903,503,503,9,0
20260903,20260517__Google__Gemini3_1Pro__LinearNeutral,WRB,-0.29681839,386,-133.47,ranked,395,/home/hatch/workspace/AgentStockBenchmarkResults/data/universe/20260903.txt,20260903,503,503,9,0
20260903,20260517__Google__Gemini3_1Pro__LinearNeutral,HWM,-0.30192917,387,-134.46,ranked,396,/home/hatch/workspace/AgentStockBenchmarkResults/data/universe/20260903.txt,20260903,503,503,9,0
20260903,20260517__Google__Gemini3_1Pro__LinearNeutral,RDDT,-0.30559772,388,-135.46,ranked,397,/home/hatch/workspace/AgentStockBenchmarkResults/data/universe/20260903.txt,20260903,503,503,9,0
20260903,20260517__Google__Gemini3_1Pro__LinearNeutral,AJG,-0.31318402,389,-136.45,ranked,398,/home/hatch/workspace/AgentStockBenchmarkResults/data/universe/20260903.txt,20260903,503,503,9,0
20260903,20260517__Google__Gemini3_1Pro__LinearNeutral,HIG,-0.31490257,390,-137.45,ranked,399,/home/hatch/workspace/AgentStockBenchmarkResults/data/universe/20260903.txt,20260903,503,503,9,0
20260903,20260517__Google__Gemini3_1Pro__LinearNeutral,CI,-0.31980949,391,-138.45,ranked,400,/home/hatch/workspace/AgentStockBenchmarkResults/data/universe/20260903.txt,20260903,503,503,9,0
20260903,20260517__Google__Gemini3_1Pro__LinearNeutral,MPC,-0.32261248,392,-139.44,ranked,401,/home/hatch/workspace/AgentStockBenchmarkResults/data/universe/20260903.txt,20260903,503,503,9,0
20260903,20260517__Google__Gemini3_1Pro__LinearNeutral,FOX,-0.32513014,393,-140.44,ranked,402,/home/hatch/workspace/AgentStockBenchmarkResults/data/universe/20260903.txt,20260903,503,503,9,0
20260903,20260517__Google__Gemini3_1Pro__LinearNeutral,MS,-0.32720082,394,-141.43,ranked,403,/home/hatch/workspace/AgentStockBenchmarkResults/data/universe/20260903.txt,20260903,503,503,9,0
20260903,20260517__Google__Gemini3_1Pro__LinearNeutral,FOXA,-0.3288607,395,-142.43,ranked,404,/home/hatch/workspace/AgentStockBenchmarkResults/data/universe/20260903.txt,20260903,503,503,9,0
20260903,20260517__Google__Gemini3_1Pro__LinearNeutral,VRSK,-0.32926348,396,-143.43,ranked,405,/home/hatch/workspace/AgentStockBenchmarkResults/data/universe/20260903.txt,20260903,503,503,9,0
20260903,20260517__Google__Gemini3_1Pro__LinearNeutral,SOLV,-0.32959244,397,-144.42,ranked,406,/home/hatch/workspace/AgentStockBenchmarkResults/data/universe/20260903.txt,20260903,503,503,9,0
20260903,20260517__Google__Gemini3_1Pro__LinearNeutral,AOS,-0.33369071,398,-145.42,ranked,407,/home/hatch/workspace/AgentStockBenchmarkResults/data/universe/20260903.txt,20260903,503,503,9,0
20260903,20260517__Google__Gemini3_1Pro__LinearNeutral,CPAY,-0.33793927,399,-146.41,ranked,408,/home/hatch/workspace/AgentStockBenchmarkResults/data/universe/20260903.txt,20260903,503,503,9,0
20260903,20260517__Google__Gemini3_1Pro__LinearNeutral,GILD,-0.34507301,400,-147.41,ranked,409,/home/hatch/workspace/AgentStockBenchmarkResults/data/universe/20260903.txt,20260903,503,503,9,0
20260903,20260517__Google__Gemini3_1Pro__LinearNeutral,SCHW,-0.34699803,401,-148.41,ranked,410,/home/hatch/workspace/AgentStockBenchmarkResults/data/universe/20260903.txt,20260903,503,503,9,0
20260903,20260517__Google__Gemini3_1Pro__LinearNeutral,CME,-0.34847995,402,-149.4,ranked,411,/home/hatch/workspace/AgentStockBenchmarkResults/data/universe/20260903.txt,20260903,503,503,9,0
20260903,20260517__Google__Gemini3_1Pro__LinearNeutral,APO,-0.35198287,403,-150.4,ranked,412,/home/hatch/workspace/AgentStockBenchmarkResults/data/universe/20260903.txt,20260903,503,503,9,0
20260903,20260517__Google__Gemini3_1Pro__LinearNeutral,T,-0.35481621,404,-151.39,ranked,413,/home/hatch/workspace/AgentStockBenchmarkResults/data/universe/20260903.txt,20260903,503,503,9,0
20260903,20260517__Google__Gemini3_1Pro__LinearNeutral,JNJ,-0.36175086,405,-152.39,ranked,414,/home/hatch/workspace/AgentStockBenchmarkResults/data/universe/20260903.txt,20260903,503,503,9,0
20260903,20260517__Google__Gemini3_1Pro__LinearNeutral,ZTS,-0.37787844,406,-153.39,ranked,415,/home/hatch/workspace/AgentStockBenchmarkResults/data/universe/20260903.txt,20260903,503,503,9,0
20260903,20260517__Google__Gemini3_1Pro__LinearNeutral,DG,-0.37818004,407,-154.38,ranked,416,/home/hatch/workspace/AgentStockBenchmarkResults/data/universe/20260903.txt,20260903,503,503,9,0
20260903,20260517__Google__Gemini3_1Pro__LinearNeutral,PGR,-0.37939341,408,-155.38,ranked,417,/home/hatch/workspace/AgentStockBenchmarkResults/data/universe/20260903.txt,20260903,503,503,9,0
20260903,20260517__Google__Gemini3_1Pro__LinearNeutral,VST,-0.38584933,409,-156.37,ranked,418,/home/hatch/workspace/AgentStockBenchmarkResults/data/universe/20260903.txt,20260903,503,503,9,0
20260903,20260517__Google__Gemini3_1Pro__LinearNeutral,NFLX,-0.39136655,410,-157.37,ranked,419,/home/hatch/workspace/AgentStockBenchmarkResults/data/universe/20260903.txt,20260903,503,503,9,0
20260903,20260517__Google__Gemini3_1Pro__LinearNeutral,NKE,-0.39523727,411,-158.37,ranked,420,/home/hatch/workspace/AgentStockBenchmarkResults/data/universe/20260903.txt,20260903,503,503,9,0
20260903,20260517__Google__Gemini3_1Pro__LinearNeutral,HPQ,-0.41932903,412,-159.36,ranked,421,/home/hatch/workspace/AgentStockBenchmarkResults/data/universe/20260903.txt,20260903,503,503,9,0
20260903,20260517__Google__Gemini3_1Pro__LinearNeutral,MDT,-0.4243066,413,-160.36,ranked,422,/home/hatch/workspace/AgentStockBenchmarkResults/data/universe/20260903.txt,20260903,503,503,9,0
20260903,20260517__Google__Gemini3_1Pro__LinearNeutral,CB,-0.42606047,414,-161.35,ranked,423,/home/hatch/workspace/AgentStockBenchmarkResults/data/universe/20260903.txt,20260903,503,503,9,0
20260903,20260517__Google__Gemini3_1Pro__LinearNeutral,GM,-0.4262541,415,-162.35,ranked,424,/home/hatch/workspace/AgentStockBenchmarkResults/data/universe/20260903.txt,20260903,503,503,9,0
20260903,20260517__Google__Gemini3_1Pro__LinearNeutral,VLO,-0.42842485,416,-163.35,ranked,425,/home/hatch/workspace/AgentStockBenchmarkResults/data/universe/20260903.txt,20260903,503,503,9,0
20260903,20260517__Google__Gemini3_1Pro__LinearNeutral,SYF,-0.4292101,417,-164.34,ranked,426,/home/hatch/workspace/AgentStockBenchmarkResults/data/universe/20260903.txt,20260903,503,503,9,0
20260903,20260517__Google__Gemini3_1Pro__LinearNeutral,TMUS,-0.42990044,418,-165.34,ranked,427,/home/hatch/workspace/AgentStockBenchmarkResults/data/universe/20260903.txt,20260903,503,503,9,0
20260903,20260517__Google__Gemini3_1Pro__LinearNeutral,DHI,-0.43901991,419,-166.33,ranked,428,/home/hatch/workspace/AgentStockBenchmarkResults/data/universe/20260903.txt,20260903,503,503,9,0
20260903,20260517__Google__Gemini3_1Pro__LinearNeutral,PCG,-0.44182552,420,-167.33,ranked,429,/home/hatch/workspace/AgentStockBenchmarkResults/data/universe/20260903.txt,20260903,503,503,9,0
20260903,20260517__Google__Gemini3_1Pro__LinearNeutral,HUM,-0.44347574,421,-168.33,ranked,430,/home/hatch/workspace/AgentStockBenchmarkResults/data/universe/20260903.txt,20260903,503,503,9,0
20260903,20260517__Google__Gemini3_1Pro__LinearNeutral,MRK,-0.44412078,422,-169.32,ranked,431,/home/hatch/workspace/AgentStockBenchmarkResults/data/universe/20260903.txt,20260903,503,503,9,0
20260903,20260517__Google__Gemini3_1Pro__LinearNeutral,DE,-0.44689912,423,-170.32,ranked,432,/home/hatch/workspace/AgentStockBenchmarkResults/data/universe/20260903.txt,20260903,503,503,9,0
20260903,20260517__Google__Gemini3_1Pro__LinearNeutral,TRMB,-0.44921159,424,-171.31,ranked,433,/home/hatch/workspace/AgentStockBenchmarkResults/data/universe/20260903.txt,20260903,503,503,9,0
20260903,20260517__Google__Gemini3_1Pro__LinearNeutral,COF,-0.44938709,425,-172.31,ranked,434,/home/hatch/workspace/AgentStockBenchmarkResults/data/universe/20260903.txt,20260903,503,503,9,0
20260903,20260517__Google__Gemini3_1Pro__LinearNeutral,AMP,-0.45295055,426,-173.31,ranked,435,/home/hatch/workspace/AgentStockBenchmarkResults/data/universe/20260903.txt,20260903,503,503,9,0
20260903,20260517__Google__Gemini3_1Pro__LinearNeutral,ROP,-0.45302181,427,-174.3,ranked,436,/home/hatch/workspace/AgentStockBenchmarkResults/data/universe/20260903.txt,20260903,503,503,9,0
20260903,20260517__Google__Gemini3_1Pro__LinearNeutral,LII,-0.45636036,428,-175.3,ranked,437,/home/hatch/workspace/AgentStockBenchmarkResults/data/universe/20260903.txt,20260903,503,503,9,0
20260903,20260517__Google__Gemini3_1Pro__LinearNeutral,NVDA,-0.46361278,429,-176.29,ranked,438,/home/hatch/workspace/AgentStockBenchmarkResults/data/universe/20260903.txt,20260903,503,503,9,0
20260903,20260517__Google__Gemini3_1Pro__LinearNeutral,PYPL,-0.46470857,430,-177.29,ranked,439,/home/hatch/workspace/AgentStockBenchmarkResults/data/universe/20260903.txt,20260903,503,503,9,0
20260903,20260517__Google__Gemini3_1Pro__LinearNeutral,IVZ,-0.46985514,431,-178.29,ranked,440,/home/hatch/workspace/AgentStockBenchmarkResults/data/universe/20260903.txt,20260903,503,503,9,0
20260903,20260517__Google__Gemini3_1Pro__LinearNeutral,EG,-0.47522177,432,-179.28,ranked,441,/home/hatch/workspace/AgentStockBenchmarkResults/data/universe/20260903.txt,20260903,503,503,9,0
20260903,20260517__Google__Gemini3_1Pro__LinearNeutral,BBY,-0.48188444,433,-180.28,ranked,442,/home/hatch/workspace/AgentStockBenchmarkResults/data/universe/20260903.txt,20260903,503,503,9,0
20260903,20260517__Google__Gemini3_1Pro__LinearNeutral,LEN,-0.49655058,434,-181.27,ranked,443,/home/hatch/workspace/AgentStockBenchmarkResults/data/universe/20260903.txt,20260903,503,503,9,0
20260903,20260517__Google__Gemini3_1Pro__LinearNeutral,FISV,-0.49846871,435,-182.27,ranked,444,/home/hatch/workspace/AgentStockBenchmarkResults/data/universe/20260903.txt,20260903,503,503,9,0
20260903,20260517__Google__Gemini3_1Pro__LinearNeutral,GS,-0.51161422,436,-183.27,ranked,445,/home/hatch/workspace/AgentStockBenchmarkResults/data/universe/20260903.txt,20260903,503,503,9,0
20260903,20260517__Google__Gemini3_1Pro__LinearNeutral,MSCI,-0.53580706,437,-184.26,ranked,446,/home/hatch/workspace/AgentStockBenchmarkResults/data/universe/20260903.txt,20260903,503,503,9,0
20260903,20260517__Google__Gemini3_1Pro__LinearNeutral,MOS,-0.54211912,438,-185.26,ranked,447,/home/hatch/workspace/AgentStockBenchmarkResults/data/universe/20260903.txt,20260903,503,503,9,0
20260903,20260517__Google__Gemini3_1Pro__LinearNeutral,RJF,-0.54344116,439,-186.25,ranked,448,/home/hatch/workspace/AgentStockBenchmarkResults/data/universe/20260903.txt,20260903,503,503,9,0
20260903,20260517__Google__Gemini3_1Pro__LinearNeutral,MSFT,-0.54890122,440,-187.25,ranked,449,/home/hatch/workspace/AgentStockBenchmarkResults/data/universe/20260903.txt,20260903,503,503,9,0
20260903,20260517__Google__Gemini3_1Pro__LinearNeutral,EFX,-0.55114082,441,-188.25,ranked,450,/home/hatch/workspace/AgentStockBenchmarkResults/data/universe/20260903.txt,20260903,503,503,9,0
20260903,20260517__Google__Gemini3_1Pro__LinearNeutral,FICO,-0.55389304,442,-189.24,ranked,451,/home/hatch/workspace/AgentStockBenchmarkResults/data/universe/20260903.txt,20260903,503,503,9,0
20260903,20260517__Google__Gemini3_1Pro__LinearNeutral,ELV,-0.55478886,443,-190.24,ranked,452,/home/hatch/workspace/AgentStockBenchmarkResults/data/universe/20260903.txt,20260903,503,503,9,0
20260903,20260517__Google__Gemini3_1Pro__LinearNeutral,MET,-0.56350054,444,-191.24,ranked,453,/home/hatch/workspace/AgentStockBenchmarkResults/data/universe/20260903.txt,20260903,503,503,9,0
20260903,20260517__Google__Gemini3_1Pro__LinearNeutral,FIS,-0.56384095,445,-192.23,ranked,454,/home/hatch/workspace/AgentStockBenchmarkResults/data/universe/20260903.txt,20260903,503,503,9,0
20260903,20260517__Google__Gemini3_1Pro__LinearNeutral,SBAC,-0.56956025,446,-193.23,ranked,455,/home/hatch/workspace/AgentStockBenchmarkResults/data/universe/20260903.txt,20260903,503,503,9,0
20260903,20260517__Google__Gemini3_1Pro__LinearNeutral,VRT,-0.57101736,447,-194.22,ranked,456,/home/hatch/workspace/AgentStockBenchmarkResults/data/universe/20260903.txt,20260903,503,503,9,0
20260903,20260517__Google__Gemini3_1Pro__LinearNeutral,C,-0.57515241,448,-195.22,ranked,457,/home/hatch/workspace/AgentStockBenchmarkResults/data/universe/20260903.txt,20260903,503,503,9,0
20260903,20260517__Google__Gemini3_1Pro__LinearNeutral,MCO,-0.59569065,449,-196.22,ranked,458,/home/hatch/workspace/AgentStockBenchmarkResults/data/universe/20260903.txt,20260903,503,503,9,0
20260903,20260517__Google__Gemini3_1Pro__LinearNeutral,PRU,-0.60432282,450,-197.21,ranked,459,/home/hatch/workspace/AgentStockBenchmarkResults/data/universe/20260903.txt,20260903,503,503,9,0
20260903,20260517__Google__Gemini3_1Pro__LinearNeutral,ULTA,-0.60731135,451,-198.21,ranked,460,/home/hatch/workspace/AgentStockBenchmarkResults/data/universe/20260903.txt,20260903,503,503,9,0
20260903,20260517__Google__Gemini3_1Pro__LinearNeutral,F,-0.61730352,452,-199.2,ranked,461,/home/hatch/workspace/AgentStockBenchmarkResults/data/universe/20260903.txt,20260903,503,503,9,0
20260903,20260517__Google__Gemini3_1Pro__LinearNeutral,BLDR,-0.63251703,453,-200.2,ranked,462,/home/hatch/workspace/AgentStockBenchmarkResults/data/universe/20260903.txt,20260903,503,503,9,0
20260903,20260517__Google__Gemini3_1Pro__LinearNeutral,ARES,-0.63404961,454,-201.2,ranked,463,/home/hatch/workspace/AgentStockBenchmarkResults/data/universe/20260903.txt,20260903,503,503,9,0
20260903,20260517__Google__Gemini3_1Pro__LinearNeutral,NDAQ,-0.6342626,455,-202.19,ranked,464,/home/hatch/workspace/AgentStockBenchmarkResults/data/universe/20260903.txt,20260903,503,503,9,0
20260903,20260517__Google__Gemini3_1Pro__LinearNeutral,CCI,-0.63502813,456,-203.19,ranked,465,/home/hatch/workspace/AgentStockBenchmarkResults/data/universe/20260903.txt,20260903,503,503,9,0
20260903,20260517__Google__Gemini3_1Pro__LinearNeutral,WMT,-0.64590597,457,-204.18,ranked,466,/home/hatch/workspace/AgentStockBenchmarkResults/data/universe/20260903.txt,20260903,503,503,9,0
20260903,20260517__Google__Gemini3_1Pro__LinearNeutral,ARE,-0.66461231,458,-205.18,ranked,467,/home/hatch/workspace/AgentStockBenchmarkResults/data/universe/20260903.txt,20260903,503,503,9,0
20260903,20260517__Google__Gemini3_1Pro__LinearNeutral,APH,-0.68316773,459,-206.18,ranked,468,/home/hatch/workspace/AgentStockBenchmarkResults/data/universe/20260903.txt,20260903,503,503,9,0
20260903,20260517__Google__Gemini3_1Pro__LinearNeutral,AMT,-0.6913968,460,-207.17,ranked,469,/home/hatch/workspace/AgentStockBenchmarkResults/data/universe/20260903.txt,20260903,503,503,9,0
20260903,20260517__Google__Gemini3_1Pro__LinearNeutral,INTU,-0.69445446,461,-208.17,ranked,470,/home/hatch/workspace/AgentStockBenchmarkResults/data/universe/20260903.txt,20260903,503,503,9,0
20260903,20260517__Google__Gemini3_1Pro__LinearNeutral,PODD,-0.6984199,462,-209.16,ranked,471,/home/hatch/workspace/AgentStockBenchmarkResults/data/universe/20260903.txt,20260903,503,503,9,0
20260903,20260517__Google__Gemini3_1Pro__LinearNeutral,PSKY,-0.7194066,463,-210.16,ranked,472,/home/hatch/workspace/AgentStockBenchmarkResults/data/universe/20260903.txt,20260903,503,503,9,0
20260903,20260517__Google__Gemini3_1Pro__LinearNeutral,OMC,-0.72146279,464,-211.16,ranked,473,/home/hatch/workspace/AgentStockBenchmarkResults/data/universe/20260903.txt,20260903,503,503,9,0
20260903,20260517__Google__Gemini3_1Pro__LinearNeutral,ABNB,-0.74340649,465,-212.15,ranked,474,/home/hatch/workspace/AgentStockBenchmarkResults/data/universe/20260903.txt,20260903,503,503,9,0
20260903,20260517__Google__Gemini3_1Pro__LinearNeutral,TEL,-0.76870245,466,-213.15,ranked,475,/home/hatch/workspace/AgentStockBenchmarkResults/data/universe/20260903.txt,20260903,503,503,9,0
20260903,20260517__Google__Gemini3_1Pro__LinearNeutral,LULU,-0.77547161,467,-214.14,ranked,476,/home/hatch/workspace/AgentStockBenchmarkResults/data/universe/20260903.txt,20260903,503,503,9,0
20260903,20260517__Google__Gemini3_1Pro__LinearNeutral,IBKR,-0.7787689,468,-215.14,ranked,477,/home/hatch/workspace/AgentStockBenchmarkResults/data/universe/20260903.txt,20260903,503,503,9,0
20260903,20260517__Google__Gemini3_1Pro__LinearNeutral,IQV,-0.81285329,469,-216.14,ranked,478,/home/hatch/workspace/AgentStockBenchmarkResults/data/universe/20260903.txt,20260903,503,503,9,0
20260903,20260517__Google__Gemini3_1Pro__LinearNeutral,CTSH,-0.8352412,470,-217.13,ranked,479,/home/hatch/workspace/AgentStockBenchmarkResults/data/universe/20260903.txt,20260903,503,503,9,0
20260903,20260517__Google__Gemini3_1Pro__LinearNeutral,KKR,-0.83553643,471,-218.13,ranked,480,/home/hatch/workspace/AgentStockBenchmarkResults/data/universe/20260903.txt,20260903,503,503,9,0
20260903,20260517__Google__Gemini3_1Pro__LinearNeutral,ADBE,-0.85456387,472,-219.12,ranked,481,/home/hatch/workspace/AgentStockBenchmarkResults/data/universe/20260903.txt,20260903,503,503,9,0
20260903,20260517__Google__Gemini3_1Pro__LinearNeutral,GEN,-0.85988186,473,-220.12,ranked,482,/home/hatch/workspace/AgentStockBenchmarkResults/data/universe/20260903.txt,20260903,503,503,9,0
20260903,20260517__Google__Gemini3_1Pro__LinearNeutral,SMCI,-0.93186803,474,-221.12,ranked,483,/home/hatch/workspace/AgentStockBenchmarkResults/data/universe/20260903.txt,20260903,503,503,9,0
20260903,20260517__Google__Gemini3_1Pro__LinearNeutral,CSGP,-0.93412796,475,-222.11,ranked,484,/home/hatch/workspace/AgentStockBenchmarkResults/data/universe/20260903.txt,20260903,503,503,9,0
20260903,20260517__Google__Gemini3_1Pro__LinearNeutral,TYL,-0.95928561,476,-223.11,ranked,485,/home/hatch/workspace/AgentStockBenchmarkResults/data/universe/20260903.txt,20260903,503,503,9,0
20260903,20260517__Google__Gemini3_1Pro__LinearNeutral,ECHO,-0.96515502,477,-224.1,ranked,486,/home/hatch/workspace/AgentStockBenchmarkResults/data/universe/20260903.txt,20260903,503,503,9,0
20260903,20260517__Google__Gemini3_1Pro__LinearNeutral,DELL,-0.972261,478,-225.1,ranked,487,/home/hatch/workspace/AgentStockBenchmarkResults/data/universe/20260903.txt,20260903,503,503,9,0
20260903,20260517__Google__Gemini3_1Pro__LinearNeutral,FDS,-0.99321269,479,-226.1,ranked,488,/home/hatch/workspace/AgentStockBenchmarkResults/data/universe/20260903.txt,20260903,503,503,9,0
20260903,20260517__Google__Gemini3_1Pro__LinearNeutral,APTV,-1.00025273,480,-227.09,ranked,489,/home/hatch/workspace/AgentStockBenchmarkResults/data/universe/20260903.txt,20260903,503,503,9,0
20260903,20260517__Google__Gemini3_1Pro__LinearNeutral,ICE,-1.02781649,481,-228.09,ranked,490,/home/hatch/workspace/AgentStockBenchmarkResults/data/universe/20260903.txt,20260903,503,503,9,0
20260903,20260517__Google__Gemini3_1Pro__LinearNeutral,CDW,-1.06698251,482,-229.08,ranked,491,/home/hatch/workspace/AgentStockBenchmarkResults/data/universe/20260903.txt,20260903,503,503,9,0
20260903,20260517__Google__Gemini3_1Pro__LinearNeutral,ACN,-1.07015851,483,-230.08,ranked,492,/home/hatch/workspace/AgentStockBenchmarkResults/data/universe/20260903.txt,20260903,503,503,9,0
20260903,20260517__Google__Gemini3_1Pro__LinearNeutral,VEEV,-1.07277309,484,-231.08,ranked,493,/home/hatch/workspace/AgentStockBenchmarkResults/data/universe/20260903.txt,20260903,503,503,9,0
20260903,20260517__Google__Gemini3_1Pro__LinearNeutral,GDDY,-1.19435907,485,-232.07,ranked,494,/home/hatch/workspace/AgentStockBenchmarkResults/data/universe/20260903.txt,20260903,503,503,9,0
20260903,20260517__Google__Gemini3_1Pro__LinearNeutral,AXON,-1.2087821,486,-233.07,ranked,495,/home/hatch/workspace/AgentStockBenchmarkResults/data/universe/20260903.txt,20260903,503,503,9,0
20260903,20260517__Google__Gemini3_1Pro__LinearNeutral,IT,-1.22878042,487,-234.06,ranked,496,/home/hatch/workspace/AgentStockBenchmarkResults/data/universe/20260903.txt,20260903,503,503,9,0
20260903,20260517__Google__Gemini3_1Pro__LinearNeutral,CBRE,-1.25258371,488,-235.06,ranked,497,/home/hatch/workspace/AgentStockBenchmarkResults/data/universe/20260903.txt,20260903,503,503,9,0
20260903,20260517__Google__Gemini3_1Pro__LinearNeutral,META,-1.26141476,489,-236.06,ranked,498,/home/hatch/workspace/AgentStockBenchmarkResults/data/universe/20260903.txt,20260903,503,503,9,0
20260903,20260517__Google__Gemini3_1Pro__LinearNeutral,SPGI,-1.31946441,490,-237.05,ranked,499,/home/hatch/workspace/AgentStockBenchmarkResults/data/universe/20260903.txt,20260903,503,503,9,0
20260903,20260517__Google__Gemini3_1Pro__LinearNeutral,NEM,-1.48932328,491,-238.05,ranked,500,/home/hatch/workspace/AgentStockBenchmarkResults/data/universe/20260903.txt,20260903,503,503,9,0
20260903,20260517__Google__Gemini3_1Pro__LinearNeutral,ORCL,-1.56873262,492,-239.04,ranked,501,/home/hatch/workspace/AgentStockBenchmarkResults/data/universe/20260903.txt,20260903,503,503,9,0
20260903,20260517__Google__Gemini3_1Pro__LinearNeutral,CPRT,-1.58435262,493,-240.04,ranked,502,/home/hatch/workspace/AgentStockBenchmarkResults/data/universe/20260903.txt,20260903,503,503,9,0
20260903,20260517__Google__Gemini3_1Pro__LinearNeutral,PFG,-1.63685916,494,-241.04,ranked,503,/home/hatch/workspace/AgentStockBenchmarkResults/data/universe/20260903.txt,20260903,503,503,9,0
20260903,20260517__Google__Gemini3_1Pro__LinearNeutral,CRWD,-1.81830723,495,-242.03,ranked,504,/home/hatch/workspace/AgentStockBenchmarkResults/data/universe/20260903.txt,20260903,503,503,9,0
20260903,20260517__Google__Gemini3_1Pro__LinearNeutral,TTD,-1.91921174,496,-243.03,ranked,505,/home/hatch/workspace/AgentStockBenchmarkResults/data/universe/20260903.txt,20260903,503,503,9,0
20260903,20260517__Google__Gemini3_1Pro__LinearNeutral,WDAY,-1.93241132,497,-244.02,ranked,506,/home/hatch/workspace/AgentStockBenchmarkResults/data/universe/20260903.txt,20260903,503,503,9,0
20260903,20260517__Google__Gemini3_1Pro__LinearNeutral,CRM,-1.9480596,498,-245.02,ranked,507,/home/hatch/workspace/AgentStockBenchmarkResults/data/universe/20260903.txt,20260903,503,503,9,0
20260903,20260517__Google__Gemini3_1Pro__LinearNeutral,TSLA,-2.01175878,499,-246.02,ranked,508,/home/hatch/workspace/AgentStockBenchmarkResults/data/universe/20260903.txt,20260903,503,503,9,0
20260903,20260517__Google__Gemini3_1Pro__LinearNeutral,PLTR,-2.04094609,500,-247.01,ranked,509,/home/hatch/workspace/AgentStockBenchmarkResults/data/universe/20260903.txt,20260903,503,503,9,0
20260903,20260517__Google__Gemini3_1Pro__LinearNeutral,NOW,-2.6085578,501,-248.01,ranked,510,/home/hatch/workspace/AgentStockBenchmarkResults/data/universe/20260903.txt,20260903,503,503,9,0
20260903,20260517__Google__Gemini3_1Pro__LinearNeutral,COIN,-3.16390607,502,-249.0,ranked,511,/home/hatch/workspace/AgentStockBenchmarkResults/data/universe/20260903.txt,20260903,503,503,9,0
20260903,20260517__Google__Gemini3_1Pro__LinearNeutral,HOOD,-3.49828997,503,-250.0,ranked,512,/home/hatch/workspace/AgentStockBenchmarkResults/data/universe/20260903.txt,20260903,503,503,9,0
