date,ticker,open,high,low,close,volume
20260618,A,125.31895776313156,127.31511832700302,124.92970706235648,126.81607818603516,4334300
20260618,AAPL,297.8530937792582,300.31099586682666,295.3652492546472,297.7532043457031,85962200
20260618,ABBV,219.8054455996109,220.7785302826924,213.84785106246724,214.9599456787109,9646100
20260618,ABNB,141.38999938964844,143.6199951171875,140.13999938964844,142.41000366210938,7413200
20260618,ABT,88.0122643325163,88.80660188376802,87.13849908643084,87.78389739990234,41964800
20260618,ACGL,92.66000366210938,92.73999786376952,90.91000366210938,91.18000030517578,5564600
20260618,ACN,124.99700797545336,133.0995778089563,124.10769969159402,126.4594268798828,41744300
20260618,ADBE,193.6000061035156,196.77999877929688,190.1199951171875,195.16000366210935,15852500
20260618,ADI,424.93533790990585,437.22787216479287,424.93533790990585,433.1403198242188,11869000
20260618,ADM,76.17652458424135,76.17652458424135,73.81152990898292,74.62635803222656,8293100
20260618,ADP,216.9515407677401,218.6307962395453,213.93087923796045,217.02110290527344,6501700
20260618,ADSK,194.5500030517578,197.88999938964844,190.8600006103516,193.82000732421875,9213100
20260618,AEE,108.34139817607549,109.31449052997736,107.40801738401989,107.9044952392578,2403600
20260618,AEP,127.68786119485856,128.67037115936253,126.02055480850116,126.72518920898438,10158200
20260618,AES,14.446725845336914,14.476370025984016,14.436844137664044,14.446725845336914,10322300
20260618,AFL,116.66245175714594,116.66245175714594,113.89638375309778,114.89137268066406,6380100
20260618,AIG,74.80000305175781,75.19000244140625,73.80999755859375,74.0199966430664,5858400
20260618,AIZ,264.4428370825616,264.4428370825616,257.64383979935343,259.0594482421875,863100
20260618,AJG,215.59395620438443,215.60392407822133,210.7269553814488,213.4895782470703,2848400
20260618,AKAM,129.27000427246094,130.0,122.76000213623048,124.91000366210938,6468400
20260618,ALB,167.03725644457953,168.25316127360097,153.99119711098598,159.8115997314453,4385400
20260618,ALGN,176.6999969482422,183.02999877929688,173.55999755859375,182.0800018310547,1949700
20260618,ALL,220.7313480222088,221.28903982231927,217.3852731992845,220.2533416748047,5024700
20260618,ALLE,130.86515213226258,135.47876886046322,130.86515213226258,133.09722900390625,1853700
20260618,AMAT,621.855060996017,638.2175692141243,611.8457445703723,616.4508056640625,16781200
20260618,AMCR,40.53756136671305,41.23750754480809,40.35025394478036,40.49813079833984,6421300
20260618,AMD,531.5800170898438,539.6900024414062,526.3200073242188,537.3699951171875,43805600
20260618,AME,233.65948722061944,238.32268968846984,233.65948722061944,237.0745086669922,2439200
20260618,AMGN,342.37912565532685,342.9955185443549,332.10912690662246,335.6385192871094,8151100
20260618,AMP,474.8863720371237,476.0028790030371,463.6714094236547,465.9742126464844,1269300
20260618,AMT,181.63999938964844,181.8999938964844,175.0,176.0500030517578,4453100
20260618,AMZN,240.1199951171875,245.72999572753903,236.0200042724609,244.38999938964844,75624400
20260618,ANET,171.1999969482422,172.0,167.5850067138672,169.6699981689453,11130400
20260618,AON,327.1143440431715,327.2540402608449,316.7579765162601,317.0173645019531,2382900
20260618,AOS,58.61505739266712,59.73825312764357,57.72047302772124,57.869571685791016,4224600
20260618,APA,33.10698329986755,33.1268439722773,32.262925556650785,32.79914855957031,12406400
20260618,APD,281.65038049270794,282.0876665114404,276.89989177027206,278.4800720214844,2568800
20260618,APH,82.53548228102723,83.04970586094406,81.21247372798085,81.85650634765625,25638800
20260618,APO,140.0384855429828,141.1338495951637,136.60298481196844,136.92164611816406,6168600
20260618,APP,481.30999755859375,483.8999938964844,460.2000122070313,469.7099914550781,9549100
20260618,APTV,63.77000045776367,64.86000061035156,62.93000030517578,63.68000030517578,5457100
20260618,ARE,49.65838848456732,50.83297430226098,49.14512304948645,50.36906051635742,2351100
20260618,ARES,130.0,131.3699951171875,127.71900177001952,129.33999633789062,4523700
20260618,ATO,168.62326981168047,170.18386736880475,168.02685981730536,169.0904541015625,2227800
20260618,AVGO,408.9327895686338,412.0478851010793,404.7394444719192,410.7000122070313,45076100
20260618,AVY,159.6720573850172,161.88916817109313,157.00753456771923,157.7631378173828,1505800
20260618,AWK,124.86942581303276,126.70720787751225,123.70715848522482,124.24359130859376,4992200
20260618,AXON,424.8900146484375,428.0499877929688,402.0,423.3999938964844,1919200
20260618,AXP,345.40451262574146,347.24946843714247,337.0473841391201,337.0773010253906,4490800
20260618,AZO,3083.31005859375,3116.4599609375,3050.010009765625,3064.47998046875,1038400
20260618,BA,227.75,228.9900054931641,220.1199951171875,222.72000122070312,8822500
20260618,BAC,56.93948893308375,57.0389835908332,55.74557960742219,55.91471862792969,70438800
20260618,BALL,58.53350224174507,58.56340574274507,57.417056705045965,57.53667831420898,4360200
20260618,BAX,19.69240268713989,20.092248030172517,19.53246454992684,19.882328033447266,11167800
20260618,BBY,72.7699966430664,75.70999908447266,72.51000213623047,74.7300033569336,6120700
20260618,BDX,141.18739401834367,143.85167489778857,140.91897268011132,143.13589477539062,6231900
20260618,BEN,33.64234721657051,33.70175236845165,32.56317817320733,32.721588134765625,9142100
20260618,BF-B,25.661654886828718,26.62347240509284,25.39393425910944,26.41524314880371,7148100
20260618,BG,115.81972944247148,115.81972944247148,110.69205709224192,111.87460327148438,2791100
20260618,BIIB,200.22000122070312,200.9900054931641,193.1999969482422,196.5800018310547,1729800
20260618,BKNG,172.24403469530264,174.02971556604084,169.87973410008888,171.36614990234375,18363000
20260618,BKR,59.69040958930148,59.78007986112176,57.767483383044855,58.19590759277344,17607100
20260618,BLDR,78.36000061035156,82.69000244140625,77.5,80.58999633789062,3641100
20260618,BLK,1068.2877907766904,1071.0137917461605,1040.570047069072,1044.7286376953125,1032200
20260618,BMY,54.58384186634821,54.712391823710206,52.84348539966973,53.39723587036133,31700400
20260618,BNY,147.07461475086438,147.54275268092653,142.11434670871188,143.0605926513672,7106900
20260618,BR,138.3777021049639,138.3777021049639,135.14759691469146,136.7576904296875,3442600
20260618,BRK-B,492.75,493.5700073242188,485.7699890136719,489.4599914550781,8882300
20260618,BRO,58.913617217859226,58.97348001183526,57.91592682024641,58.9635009765625,5744500
20260618,BSX,45.060001373291016,45.47999954223633,44.43999862670898,45.290000915527344,30855000
20260618,BX,125.91554799495616,125.91554799495616,120.93634148627332,122.53998565673828,10280700
20260618,BXP,63.78724144865486,64.5788950097302,63.3320432934553,64.02473449707031,3366200
20260618,C,145.74897597920074,147.21154110017517,142.31641589021902,142.33631896972656,29331200
20260618,CAH,225.6787362682704,225.6787362682704,218.9932923255637,221.28829956054688,4196100
20260618,CARR,71.56266252575276,72.62882832063903,70.76552595299053,71.55269622802734,7953500
20260618,CASY,858.9159235468991,861.7338178209113,831.8762022240928,841.618896484375,788900
20260618,CAT,977.1871891305392,992.648496604276,974.5221502183816,983.9945678710938,6175000
20260618,CB,327.0021673023566,328.9562861843409,321.0302174042488,322.4259948730469,2960200
20260618,CBOE,256.7268510543506,258.41217190946963,246.27588664835665,248.4099578857422,3051200
20260618,CBRE,134.39999389648438,134.39999389648438,129.8800048828125,131.5500030517578,4199400
20260618,CCI,85.08286861923095,85.10257867206761,80.64736224596696,80.87406921386719,7437300
20260618,CCL,31.017547989617288,31.136921709694537,30.52015306200293,30.709163665771484,31480600
20260618,CDNS,391.1000061035156,401.1799926757813,385.4299926757813,387.3900146484375,7091800
20260618,CDW,126.6151476954763,128.7449726930292,124.0673213641505,127.75967407226562,3756800
20260618,CEG,268.3175376781924,282.3359657634145,267.58864718467936,273.63934326171875,6986000
20260618,CF,104.22300315239102,104.3921299119996,100.91007088570244,102.40238189697266,5337500
20260618,CFG,66.71683360566871,67.32289925414821,66.34921765456795,66.64728546142578,7885400
20260618,CHD,97.8416664880536,98.27035964793156,95.29941511567462,95.33929443359376,5476600
20260618,CHRW,186.1570524039253,187.6306918579008,181.98504515078488,184.2452850341797,1737000
20260618,CHTR,131.0,132.00999450683594,126.0,126.2300033569336,17934200
20260618,CI,283.2572325493427,284.60973877929405,277.65834537734395,277.7279357910156,2445700
20260618,CIEN,450.7999877929688,451.6000061035156,425.0799865722656,428.2200012207031,4297300
20260618,CINF,170.9332040609234,171.17190138508855,168.7253031331599,169.27230834960938,3239500
20260618,CL,90.3619691895266,90.8193462180758,88.93018253934392,88.96995544433594,11201300
20260618,CLX,95.02984165936763,96.68055585297928,94.39723253677042,94.69377136230467,4811400
20260618,CMCSA,22.444194427956983,22.55271640975586,22.079167141176253,22.128496170043945,74561800
20260618,CME,251.63873302320923,256.7945227401658,244.4624142904925,245.22882080078125,6953500
20260618,CMG,31.86000061035156,32.81999969482422,31.6299991607666,32.4900016784668,31478900
20260618,CMI,730.1721206450633,735.0240555755094,707.4665975525813,714.2015380859375,2075000
20260618,CMS,72.8917469919586,73.6952599806328,72.56438704534462,72.79254150390625,4839400
20260618,CNC,61.150001525878906,61.97999954223633,60.369998931884766,61.02000045776367,11845900
20260618,CNP,42.63520809338544,43.08253559264245,42.33699102455936,42.56562423706055,7180200
20260618,COF,205.00604880345492,206.112143413008,200.5019652591424,200.82083129882807,8115100
20260618,COHR,394.0,402.7799987792969,376.6499938964844,389.5700073242188,7520600
20260618,COIN,167.75,169.80999755859375,160.5399932861328,163.25999450683594,9826800
20260618,COO,64.97000122070312,66.2300033569336,64.97000122070312,65.91000366210938,3802100
20260618,COP,109.08243822761746,109.15197413105412,106.28112277955525,107.02615356445312,22893000
20260618,COR,276.4239704507144,278.30033682205743,269.50738989852107,271.30389404296875,3408900
20260618,COST,961.1718392143634,962.4697634296748,946.80466702097,949.939697265625,3742900
20260618,CPAY,353.239990234375,353.94000244140625,343.29998779296875,345.2799987792969,2050600
20260618,CPRT,29.549999237060547,30.290000915527344,29.459999084472656,30.229999542236328,30771100
20260618,CPT,110.2497587931138,110.2497587931138,107.91118704183631,108.0003662109375,2828900
20260618,CRH,110.73619378194992,113.25609335312552,110.72623157208474,110.79595184326172,8305300
20260618,CRL,183.6999969482422,186.17999267578125,181.9600067138672,185.0,1170100
20260618,CRM,152.72999572753906,154.47000122070312,149.8000030517578,151.77999877929688,57940800
20260618,CRWD,171.6875,173.9774932861328,165.22999572753906,171.21499633789062,21517600
20260618,CSCO,118.15797574441676,119.8715665128058,116.86282541086112,119.09447479248048,52284400
20260618,CSGP,30.459999084472656,30.729999542236328,29.530000686645508,30.1200008392334,16140800
20260618,CSX,45.78465884123854,46.48274849983818,45.30596976787145,45.50542449951172,22557900
20260618,CTAS,168.75164589546856,171.7538417689558,167.94374696993162,170.4073486328125,4135700
20260618,CTSH,45.97045350952701,46.16928460981861,43.15694868937127,43.44525909423828,61312400
20260618,CTVA,77.21541838554822,78.88187226254686,76.35724690328973,78.42284393310547,13360300
20260618,CVNA,64.4000015258789,68.0199966430664,64.0999984741211,66.55999755859375,14501800
20260618,CVS,98.5498852776526,98.60951367920552,97.23799978387336,97.71504974365234,21578800
20260618,CVX,174.1204122250015,174.1204122250015,170.73991094170302,172.1278076171875,19146100
20260618,D,67.42879699566971,68.58709340313045,67.3990982497998,67.72579956054688,16090100
20260618,DAL,83.92278398579771,84.83054629715791,83.46391788499922,83.97266387939453,14843800
20260618,DASH,166.83999633789062,174.33999633789062,164.4250030517578,173.4600067138672,7724700
20260618,DD,145.161370062947,145.93795229257813,141.57713270160903,142.50306701660156,2431000
20260618,DDOG,224.0399932861328,225.5850067138672,215.3000030517578,223.0,8482300
20260618,DE,593.970484951553,596.6635170310922,586.3203306401106,587.7166748046875,1436100
20260618,DECK,108.0,110.58999633789062,107.4000015258789,109.11000061035156,3840800
20260618,DELL,429.1708155915469,435.2807143214858,407.20710982303154,408.8244323730469,15360600
20260618,DG,108.5065829699685,113.2324795465794,108.39714054725576,112.87430572509766,5885900
20260618,DGX,195.8935319216731,196.6404948944608,192.04916188051232,194.2103729248047,1292200
20260618,DHI,153.79167527215583,159.88352117024246,153.54241809991572,157.34109497070312,4364700
20260618,DHR,175.18656611706848,178.14042957327197,173.85931775670707,176.80320739746094,7258500
20260618,DIS,101.02589489809478,103.42749090340284,100.03349910369847,103.0999984741211,22943600
20260618,DLR,187.6631918805781,190.10644522499825,186.1038919230003,186.8686370849609,5037200
20260618,DLTR,108.33999633789062,112.3000030517578,107.4499969482422,111.6500015258789,4434200
20260618,DOC,19.386897947107663,19.446033865694048,19.160208692612382,19.27848052978516,11513600
20260618,DOV,222.6800224820361,225.62222418484467,221.69263303761215,222.97923278808597,2560900
20260618,DOW,32.226023575815034,32.226023575815034,31.01013601031244,31.366004943847656,17423500
20260618,DPZ,310.9072417702045,318.87796791038573,309.0984510745348,310.5494689941406,2507900
20260618,DRI,213.27505517147856,217.61991927860964,210.72566701397224,211.73748779296875,1884900
20260618,DTE,146.752147364643,147.74425221308297,145.33344469776677,146.39498901367188,2920500
20260618,DUK,121.92798186685236,124.15837177905088,121.75946533302664,122.78048706054688,8866200
20260618,DVA,211.9900054931641,213.07000732421875,206.8500061035156,207.91000366210935,1389000
20260618,DVN,41.878778041543015,42.0476823197637,41.25283085429715,41.848968505859375,37586400
20260618,DXCM,72.61000061035156,73.69000244140625,71.5999984741211,72.47000122070312,8571700
20260618,EBAY,108.59981430392212,109.57684709821244,106.825211014183,107.91190338134766,8064200
20260618,ECHO,109.77999877929688,110.63999938964844,104.13999938964844,109.16999816894533,21699400
20260618,ECL,269.8630443757884,274.7101829050478,268.1575837991588,268.40692138671875,3332800
20260618,ED,105.76258176398822,106.97265849830646,104.83023363753333,105.49478149414062,6555000
20260618,EFX,153.7955697244439,155.97924655564557,152.50927828221197,153.4864501953125,4758800
20260618,EG,333.6359526194206,337.5844847135321,331.90534161918265,333.8149719238281,1246900
20260618,EIX,70.03857761582734,71.68898387857588,70.03857761582734,71.0466079711914,5227600
20260618,EL,83.9747622542069,85.2803251636244,83.60601205375717,84.52289581298828,5699600
20260618,ELV,390.9683177681278,392.2029343148576,385.4025161504204,386.8163757324219,3536900
20260618,EME,846.1928752689213,849.2312837033925,832.6898409533966,836.1580810546875,1132500
20260618,EMR,151.76532246602278,152.3633006674385,149.5727610728608,150.1508026123047,4090300
20260618,EOG,131.08713984055004,131.44448840350833,128.10924019802457,129.0224609375,12213400
20260618,EQIX,1099.2477360006797,1109.2996828512942,1083.4432458104477,1086.9962158203125,807800
20260618,EQT,50.64115687368405,51.28912596294643,50.1128153042288,50.56140899658203,13560800
20260618,ERIE,220.86614754230396,222.45703488849628,217.80367005662083,219.88177490234372,590900
20260618,ES,69.66999816894531,70.18000030517578,68.91999816894531,69.58999633789062,6084100
20260618,ESS,274.17920490427525,275.2398475323389,271.1360662613586,271.3144836425781,1040900
20260618,ETN,419.8071225825106,424.8746717121447,413.7121330573199,420.7348327636719,3715600
20260618,ETR,110.81846015722192,111.9914581197888,109.8740930845108,110.45065307617188,6611000
20260618,EVRG,82.16394136247409,82.64988169425422,81.32098148230351,81.81684112548828,2848400
20260618,EW,86.95999908447266,87.83000183105469,86.5199966430664,87.36000061035156,5550200
20260618,EXC,45.13028764249257,45.82368234553919,45.02132453809446,45.3779296875,13771300
20260618,EXE,86.6991129687762,87.92176301510192,85.85419078694048,86.4605484008789,6907100
20260618,EXPD,161.4600067138672,162.99000549316406,160.10000610351562,161.32000732421875,2583800
20260618,EXPE,241.70157639387645,243.4091063467848,238.5061857841092,240.55322265625,3024200
20260618,EXR,143.3643379255519,144.89632797465623,142.56375356660038,143.64108276367188,2606900
20260618,F,13.968713683365973,13.978606766591938,13.572999788890696,13.909357070922852,88711700
20260618,FANG,181.99770311568676,182.892767716661,179.4517267460374,182.49496459960935,4783100
20260618,FAST,45.08260795011381,45.828514735836045,44.903590018030215,45.63954925537109,10869300
20260618,FCX,69.780623936783,70.44900742054514,67.85529682643305,68.51370239257812,17963700
20260618,FDS,217.859011265714,223.14908891775795,215.7469751600453,220.45921325683597,1732900
20260618,FDX,327.43059443072855,328.5718072544496,321.99242747101806,323.709228515625,2531800
20260618,FDXF,165.0,167.4199981689453,160.10000610351562,162.85000610351562,3231500
20260618,FE,45.55834678764528,46.54853040967604,45.5484466134153,45.9940299987793,6936200
20260618,FERG,230.1712517073952,240.96099802007453,230.1712517073952,237.46405029296875,2049600
20260618,FFIV,389.6799926757813,391.7699890136719,374.3999938964844,385.489990234375,1652100
20260618,FICO,1133.510009765625,1137.1600341796875,1080.0,1096.47998046875,889900
20260618,FIS,38.18874495424573,38.45566129734614,37.41765203935895,37.77354049682617,11072400
20260618,FISV,48.56999969482422,48.95000076293945,47.5,47.86000061035156,13540200
20260618,FITB,52.715994431637135,52.83514800117676,52.18972936066545,52.36846160888672,11882300
20260618,FIX,1989.0200200500235,2003.95222870121,1933.9984645427385,1966.3917236328125,724100
20260618,FLEX,147.02000427246094,153.3800048828125,143.85000610351562,147.61000061035156,80915300
20260618,FOX,46.589986497227386,48.050773147267165,45.7143086213566,46.7193489074707,10231500
20260618,FOXA,51.163957845218086,52.74696430069751,50.45708172808352,52.00026321411133,24319500
20260618,FRT,119.99141765941,120.40757105611608,119.0996549810734,119.28791809082033,1635000
20260618,FSLR,262.0,263.82000732421875,248.57000732421875,257.70001220703125,3682700
20260618,FTNT,143.49000549316406,147.1999969482422,139.7899932861328,144.72999572753906,18432900
20260618,FTV,61.2650521067996,61.2650521067996,60.25726982721677,60.8958625793457,5619600
20260618,GD,363.65949514491615,365.3918610028592,347.301465850797,348.476318359375,4242200
20260618,GDDY,76.41999816894531,77.76000213623047,74.5,77.04000091552734,5842800
20260618,GE,362.39826835013537,364.2459712496083,356.65542693367746,357.1947631835937,7763400
20260618,GEHC,60.38588399204579,61.99997381260757,59.936141119870506,61.55522537231445,8337100
20260618,GEN,23.76523465140517,24.2431274604856,23.118086002759387,24.07387351989746,18854800
20260618,GEV,1091.030029296875,1117.9599609375,1087.280029296875,1109.72998046875,4344700
20260618,GILD,125.14515498542808,125.68213153755605,121.74431107528254,123.06686401367188,14348300
20260618,GIS,32.831688669154325,33.19539193815412,32.64491918659021,32.85134506225586,13995700
20260618,GL,171.96500958715728,172.4241752449285,169.24000526404623,170.44778442382812,1635300
20260618,GLW,181.98731621260745,195.65158856622745,180.85943515153696,194.55364990234372,22778000
20260618,GM,80.44364119850957,80.78293586675161,78.77708949912213,79.1263656616211,18900900
20260618,GNRC,273.7099914550781,289.0,273.510009765625,279.1499938964844,1536900
20260618,GOOG,363.6539274832002,368.76059754193386,356.3766390201627,367.2215881347656,29339100
20260618,GOOGL,365.5150449761754,369.2426598317581,358.4396065335441,367.7935791015625,44470100
20260618,GPC,106.29259198753086,110.45022265933594,106.29259198753086,107.86038208007812,3660500
20260618,GPN,66.45185708171151,67.78807786410232,65.62419856490527,66.69117736816406,6117800
20260618,GRMN,232.7885578481389,235.79691264268203,231.3142711117108,233.2965850830078,2310700
20260618,GS,1114.541399217635,1119.5170304641424,1088.0013384176311,1091.2156982421875,4499200
20260618,GWW,1320.1119501970898,1362.7587695529485,1313.6047603540246,1362.748779296875,715100
20260618,HAL,35.85360342790207,35.85360342790207,34.38044085193157,34.768638610839844,24608800
20260618,HAS,84.73419956577087,85.9451071106818,83.6721688200804,84.10888671875,5902100
20260618,HBAN,16.93000030517578,17.139999389648438,16.84000015258789,16.860000610351562,32707000
20260618,HCA,389.8500061035156,391.8500061035156,374.30999755859375,375.1700134277344,2656800
20260618,HD,329.27351216388143,335.5472561594589,328.4793462633244,331.8346252441406,10604400
20260618,HIG,130.5473332585255,130.5473332585255,127.35136132557528,127.68987274169922,3929200
20260618,HII,297.6419170868503,297.6419170868503,280.13357259655527,284.10504150390625,1215000
20260618,HLT,350.01065571324494,355.9879147724406,346.8120997891965,348.6812438964844,3007700
20260618,HON,242.88945890047745,243.5063670054737,237.2430557564448,239.45977783203125,6344780
20260618,HONA,277.70001220703125,277.70001220703125,256.010009765625,267.79998779296875,2800
20260618,HOOD,107.8249969482422,109.08000183105467,103.45999908447266,108.1500015258789,39509900
20260618,HPE,49.17499923706055,49.59999847412109,46.93000030517578,47.40999984741211,53337800
20260618,HPQ,22.778633198839557,23.47189670396589,22.65978732490692,23.273820877075195,31304200
20260618,HRL,24.051620258718916,24.16031758377303,23.73541191465283,23.87375259399414,6309400
20260618,HSIC,80.0999984741211,80.20999908447266,79.37999725341797,79.91999816894531,2084100
20260618,HST,24.057784434159014,24.423756569827365,23.9133225224722,24.08667755126953,15920300
20260618,HSY,172.07699566835674,173.04936119549245,169.76518625686347,171.2832489013672,4124200
20260618,HUBB,516.2801554387507,528.3377620189652,515.6371285199375,522.0722045898438,887577
20260618,HUM,362.6743430383963,369.0193890725606,356.5787390145383,359.8011169433594,3571100
20260618,HWM,288.18070152248305,290.4895829737872,275.87665170957365,277.5258483886719,4444100
20260618,IBKR,96.7124493253444,97.72153031172638,95.2138060462688,95.91316986083984,7511200
20260618,IBM,249.58958068188733,250.6718136504392,241.9444108964294,247.3258209228516,16619700
20260618,ICE,136.19000244140625,136.77999877929688,132.83999633789062,133.8800048828125,6109400
20260618,IDXX,549.2899780273438,563.8499755859375,546.1799926757812,562.0900268554688,1240800
20260618,IEX,226.4390267999066,227.51550611785052,224.00699783235316,224.1963653564453,2488400
20260618,IFF,76.30000305175781,77.58000183105469,76.27999877929688,76.72000122070312,3415300
20260618,INCY,99.58000183105467,99.62000274658205,96.08999633789062,98.22000122070312,4058600
20260618,INTC,131.80999755859375,135.47999572753906,127.9000015258789,133.99000549316406,233906600
20260618,INTU,259.8489403885402,268.67981714123255,258.08675736286204,265.8224792480469,10059100
20260618,INVH,28.419412689100024,28.53819894761498,27.97891702985172,28.12244987487793,15948100
20260618,IP,35.95059498553444,37.40404431519957,35.95059498553444,36.40541458129883,11515900
20260618,IQV,170.6699981689453,171.0,162.22000122070312,167.77000427246094,3703600
20260618,IR,78.30151609451941,79.39126281974967,77.7916343193165,77.89161682128906,5707400
20260618,IRM,127.83670361056984,128.21377859996846,125.78266391717425,126.84441375732422,2110400
20260618,ISRG,403.6000061035156,409.6400146484375,400.9299926757813,406.7799987792969,4404200
20260618,IT,130.6300048828125,135.39999389648438,126.16999816894533,127.48999786376952,4347100
20260618,ITW,263.38499299665204,267.88772394725765,261.9536584913315,262.5003356933594,2590000
20260618,IVZ,28.966260837709505,29.10533007155371,27.62522985741854,27.95303726196289,11867800
20260618,J,124.25688897952664,124.25688897952664,119.32891532067336,120.67562866210938,4018200
20260618,JBHT,266.81994471068333,274.73661488309966,264.923150131234,270.7633056640625,1943500
20260618,JBL,388.2161189795016,389.9657409974563,366.13089385418,371.7996826171875,2711600
20260618,JCI,148.6999969482422,149.3800048828125,144.7899932861328,144.82000732421875,6996800
20260618,JKHY,125.17484986036357,126.26090483079304,122.42485459202236,125.7726821899414,5769800
20260618,JNJ,230.64248139608736,231.6077220970904,226.4830030630252,227.2691192626953,18989800
20260618,JPM,335.4388795655989,336.57375116590936,322.70623086248213,323.761474609375,20111000
20260618,KDP,30.90983013320144,31.01905275678572,30.4133664170675,30.54244804382324,21600700
20260618,KEY,22.623332227543088,22.682762518367134,22.29646279412848,22.375703811645508,17219200
20260618,KEYS,359.45001220703125,367.1700134277344,357.7099914550781,363.6700134277344,2727300
20260618,KHC,22.73158503173215,22.77587700363616,22.39595127083091,22.460912704467773,21350600
20260618,KIM,24.36145394039052,24.410869786043325,24.01555056090794,24.094614028930664,8755800
20260618,KKR,98.21336701706102,98.80224431353884,96.43674434744624,96.82600402832033,5464700
20260618,KLAC,251.4857689859966,263.65202632285605,250.2171984825394,259.2669677734375,26167300
20260618,KMB,100.9783022528772,101.9960880007107,100.43482076668924,101.34391021728516,8851300
20260618,KMI,30.802094566682705,31.37672346378728,30.603945889190435,31.29746437072754,18944300
20260618,KO,79.39623876813289,79.53540772500882,78.27293672231222,78.91908264160156,46857900
20260618,KR,59.01507654410471,59.18392003765028,55.936203220738,56.22422790527344,26704500
20260618,KVUE,18.06859791785964,18.18727402056751,17.851021919024134,17.920251846313477,32083800
20260618,L,107.64965380367512,107.88951720696186,106.52028963912667,107.21989440917967,1707800
20260618,LDOS,108.66707470060062,109.14552418005913,105.736597304768,106.77323150634766,6872600
20260618,LEN,87.60759071064746,90.6593924254778,87.0906764419941,89.19811248779297,4908100
20260618,LH,257.917029568112,259.5036242621042,253.4865260839385,255.272705078125,1249800
20260618,LHX,313.61737369278944,316.0557032364246,290.26924910215286,293.4141845703125,2711400
20260618,LII,530.329010796353,542.3701607935898,528.5034298541915,531.1570434570312,531700
20260618,LIN,514.3561259178759,517.1370070675579,509.4821924756805,510.4689636230469,5193700
20260618,LITE,881.9749755859375,888.5399780273438,831.1699829101562,850.0,8360800
20260618,LLY,1118.8866018077886,1120.7239346907902,1087.1021934898963,1096.9979248046875,4470500
20260618,LMT,532.26781598879,533.5996054633177,502.0745623432275,507.8091125488281,3978800
20260618,LNT,73.06439741805264,73.1537145594883,71.98261963916394,72.4490737915039,4271600
20260618,LOW,218.14185887217727,223.43912288475025,218.14185887217727,220.835205078125,6813300
20260618,LRCX,397.2200012207031,401.0,386.8999938964844,389.0400085449219,22686600
20260618,LULU,111.5,113.6999969482422,110.2699966430664,111.7699966430664,6175500
20260618,LUV,47.70655016264822,48.44309814894901,47.48757458984431,47.74636459350586,11291400
20260618,LVS,48.13263984655462,48.738769915023305,47.72524150732865,48.410865783691406,10950200
20260618,LYB,60.79243103101046,60.79243103101046,58.62480901145253,59.45622634887695,9686500
20260618,LYV,173.22000122070312,174.10000610351562,169.63999938964844,171.24000549316406,7414500
20260618,MA,493.9419833036332,495.1599428322381,488.0918047338876,488.9703369140625,6674700
20260618,MAA,132.8222176996587,133.3263751952294,130.33105548947418,130.98350524902344,1686200
20260618,MAR,397.821548815833,402.442163648996,394.0991026138284,395.396484375,2846400
20260618,MAS,73.27864369392286,75.82747130145533,73.27864369392286,74.05523681640625,4176400
20260618,MCD,282.372942840958,282.75026577228687,275.9684527326959,276.6436462402344,8106400
20260618,MCHP,97.61270672610054,100.31644083712165,97.22503974821686,99.1733169555664,16353500
20260618,MCK,774.8963338380761,777.1839414038176,746.6064568429093,749.8330078125,2477000
20260618,MCO,456.6649491500212,459.27941918956793,447.903465739178,449.7196350097656,1964400
20260618,MDLZ,60.423518928825125,60.512770954038544,59.273161594400726,59.6202507019043,25599300
20260618,MDT,77.88725298967057,78.7990321944841,77.74850545960243,78.63054656982422,22656900
20260618,MET,86.56370781339722,87.1500790180763,84.85429695557877,85.05307006835938,8338100
20260618,META,572.8200073242188,580.219970703125,563.0999755859375,577.219970703125,28824600
20260618,MGM,47.59999847412109,48.18000030517578,46.709999084472656,46.84000015258789,5357000
20260618,MKC,45.90403108015702,46.74639629240249,45.487804630936445,46.22115707397461,15638100
20260618,MLM,598.8286310490599,615.6114053585273,594.1462239154115,608.133544921875,1130400
20260618,MMM,160.90561681856738,161.51295871633133,159.21302937649378,159.9000244140625,6934500
20260618,MNST,46.0099983215332,46.17499923706055,45.47999954223633,45.66999816894531,25211000
20260618,MO,67.89562580235373,68.21059504676258,66.99992755482474,68.0334243774414,19057500
20260618,MOS,22.449964893416237,23.183753291411275,22.410301626914816,22.707782745361328,25679900
20260618,MPC,242.19683759009436,242.6954722705304,237.62934209124515,242.2467041015625,4962400
20260618,MPWR,1526.9101663686863,1578.6312969166368,1513.3109215522215,1561.317626953125,1935600
20260618,MRK,113.96727567934784,114.26551827081994,110.9152911763966,113.20179748535156,29521600
20260618,MRNA,63.959999084472656,67.73999786376953,60.72999954223633,63.959999084472656,24078800
20260618,MRSH,164.03205744941144,164.07182576137512,159.77611976751402,161.49639892578125,4188300
20260618,MRVL,305.3946623881136,329.79864574979393,302.2854135499874,310.5033874511719,250989400
20260618,MS,227.83581534919364,229.20826522778944,221.66976103671365,221.9482269287109,11933200
20260618,MSCI,598.1607191976651,598.1607191976651,577.933073778932,579.1188354492188,1002700
20260618,MSFT,377.1100854858111,380.6534028700893,372.5786075934489,378.6871032714844,59714200
20260618,MSI,400.6000061035156,400.6000061035156,392.4200134277344,395.1700134277344,2444900
20260618,MTB,226.59769557656108,226.78647973791104,223.3188518734613,223.67654418945312,2933400
20260618,MTD,1135.5899658203125,1151.5799560546875,1129.530029296875,1144.8399658203125,254400
20260618,MU,1107.8994950196334,1149.2532401330302,1092.6219382580323,1133.8155517578125,64642500
20260618,NCLH,20.43000030517578,20.84000015258789,20.200000762939453,20.440000534057617,21269200
20260618,NDAQ,83.53759197613694,84.37476578826875,80.98621960333416,81.9629135131836,8436100
20260618,NDSN,292.72090533485164,297.09774492094385,291.0060541630715,295.0339660644531,1381200
20260618,NEE,85.1298273571261,86.92632304559132,85.03057525066595,86.1025161743164,19306600
20260618,NEM,106.0991373482142,107.37647714016283,102.41680028115468,103.57439422607422,19149400
20260618,NFLX,76.93000030517578,78.23999786376953,76.12000274658203,77.37999725341797,91920400
20260618,NI,46.816291169307945,47.09442620180388,46.528220577476816,46.9454231262207,6123700
20260618,NKE,43.94384306276451,45.23019664644801,43.775629307241935,44.72555160522461,32320300
20260618,NOC,549.6402730458163,550.9941012418168,513.0466894099519,519.1389770507812,2402900
20260618,NOW,95.30999755859376,96.23999786376952,92.4499969482422,95.04000091552734,36337200
20260618,NRG,132.71889465325108,140.06282128155257,132.71889465325108,134.582275390625,3786400
20260618,NSC,300.5604944045172,304.5447263104594,297.65199173837743,298.8970642089844,1885200
20260618,NTAP,158.1596273793496,160.6819651613927,152.86570883116758,159.2263946533203,8151300
20260618,NTRS,175.63160188319287,176.15911254318613,170.2071751701419,171.30201721191406,2817100
20260618,NUE,252.3302872694636,253.48744900429284,241.45699759040468,243.23263549804688,5190800
20260618,NVDA,207.09826842291383,211.1537281092123,206.26919428756835,210.4545135498047,241272000
20260618,NVR,6374.990234375,6558.009765625,6350.669921875,6490.93017578125,58600
20260618,NWS,29.51121773978546,29.51121773978546,28.35469721161252,28.663766860961918,9584200
20260618,NWSA,25.89287618683189,25.902842880166755,24.836431405717335,25.19522476196289,28709400
20260618,NXPI,308.393898714688,318.61922313140104,305.0253203949453,312.2109375,7969300
20260618,O,60.00067116191969,60.11913522050484,59.44785395166159,59.46759796142578,12961700
20260618,ODFL,220.92687414993185,223.8223709377172,218.9399546187848,220.6972198486328,3917600
20260618,OKE,83.68223217990587,84.28504527061631,82.10108617947638,84.02810668945312,9496800
20260618,OMC,75.4800033569336,75.5999984741211,70.83999633789062,71.3499984741211,24461900
20260618,ON,117.88999938964844,122.18000030517578,117.58000183105467,121.62000274658205,19844500
20260618,ORCL,182.3755161261877,187.33826188438044,177.08392782803517,183.6510772705078,31386100
20260618,ORLY,88.16999816894531,89.33999633789062,86.29000091552734,86.83999633789062,15497300
20260618,OTIS,73.04722798145968,73.95174896257727,72.35144844477553,72.82855224609375,8450500
20260618,OXY,52.16065410157405,52.18055940599784,50.95617813119964,51.58330154418945,13871800
20260618,PANW,285.6000061035156,288.8800048828125,276.4599914550781,287.7799987792969,12194700
20260618,PAYX,96.88126169653133,97.77198887907916,94.97114967481347,97.22765350341795,7100900
20260618,PCAR,118.09729702925128,120.60066294131944,117.70831997201849,118.6358642578125,6427600
20260618,PCG,16.402291517747408,16.651566453264437,16.352435389553904,16.43220329284668,34681400
20260618,PEG,78.61406266747487,80.15998152543195,78.58433462182809,79.16900634765625,6403200
20260618,PEP,139.559111507425,141.22134674385373,139.54920754452675,140.51885986328125,19130300
20260618,PFE,25.14019918961797,25.21882366276586,24.51120340443485,24.776559829711918,119614300
20260618,PFG,110.17226905853866,110.45015483689312,108.12780962726586,108.74313354492188,3398200
20260618,PG,149.75209135760457,151.16156774393545,149.06720163806705,149.26573181152344,17076100
20260618,PGR,207.8576873437171,208.04760544249055,201.74040891004609,204.779052734375,9986500
20260618,PH,955.3459028546412,963.0403667389452,947.1922807312632,951.3539428710938,1020000
20260618,PHM,123.33978922022294,128.27896547798773,123.20009586915964,126.68246459960938,5321900
20260618,PKG,229.0873073543065,233.8862342886405,227.4777145923275,227.5472717285156,1301400
20260618,PLD,139.9499969482422,141.49000549316406,139.42999267578125,140.5399932861328,6701200
20260618,PLTR,130.83999633789062,131.42999267578125,125.01000213623048,128.47000122070312,55338000
20260618,PM,178.10342618432023,178.9861076576586,175.58430256378688,176.93312072753906,11732000
20260618,PNC,231.792016945898,234.22263557125277,229.50029038090352,230.2046661376953,4931900
20260618,PNR,74.82310309910713,75.4702771536368,73.96684344472148,73.99671173095703,3889800
20260618,PNW,101.83405556464828,102.71603537599364,100.98180422054972,101.39801788330078,1748500
20260618,PODD,144.63999938964844,146.22000122070312,142.10000610351562,145.75999450683594,2864000
20260618,PPG,117.72778981103292,119.4172865452942,116.85323188020936,117.5190887451172,4780000
20260618,PPL,35.07823420982418,35.58402937302606,34.770793800064304,35.08815383911133,16555500
20260618,PRU,106.5103910544237,106.76742585815472,105.25488853193576,105.31420135498048,3583000
20260618,PSA,315.4831643075536,317.0570130587896,311.41488868385693,314.8892517089844,1253400
20260618,PSKY,9.93409354266966,10.153081852521504,9.705151952274068,9.894277572631836,28105400
20260618,PSX,164.8152419701066,166.11832339577214,163.2336400188742,165.2628631591797,5626600
20260618,PTC,115.5199966430664,116.73999786376952,113.5,114.75,5006200
20260618,PWR,721.9396626627946,729.7185032154559,697.9233742797022,702.1427001953125,2620600
20260618,PYPL,42.09602442133675,42.7105077888124,41.54738032426483,42.40525817871094,27215200
20260618,Q,160.34325990757887,169.95687071074016,159.39389493107132,168.86758422851562,5672900
20260618,QCOM,219.515284106954,228.17812761503896,213.56764344411653,224.88604736328125,47081500
20260618,RCL,310.5599975585937,315.9100036621094,308.1000061035156,312.510009765625,3662800
20260618,RDDT,169.0,176.22000122070312,165.8800048828125,174.9600067138672,5337400
20260618,REG,77.0497411589101,77.0497411589101,75.92117048144314,76.10926055908203,1669600
20260618,REGN,611.3560971340404,615.5212162324483,597.4922817014657,609.2285766601562,2609100
20260618,RF,28.788031753334774,28.788031753334774,28.203955303137597,28.332651138305664,21172100
20260618,RJF,159.13275341633678,159.81034600895407,155.04732546035152,155.306396484375,3302800
20260618,RL,411.2248328505605,417.1902317860419,406.0873662120159,412.0029296875,1136000
20260618,RMD,188.37940394940543,189.8152858265332,186.47486575918387,188.0902404785156,3884900
20260618,ROK,469.6831870552244,474.458485711824,465.1770482888823,472.33502197265625,1154500
20260618,ROL,44.99077689178551,45.140051063891455,44.40363763567528,44.74198913574219,5894000
20260618,ROP,327.7081243076714,331.2093531783028,324.9849429148211,329.4338073730469,3559600
20260618,ROST,234.89602104076704,236.4729598531663,231.612358851048,232.35093688964844,4161600
20260618,RSG,207.01563633855912,207.4144811115466,202.5586467956411,204.34344482421875,2917400
20260618,RTX,193.35767060780788,193.52710591685357,183.8093879352756,184.9854888916016,8866400
20260618,RVTY,97.91860139865312,100.66687803286943,97.85863381462404,99.93733215332033,2170300
20260618,SBAC,190.6347629455225,190.98237082066711,185.07314302286423,185.58956909179688,1819300
20260618,SBUX,99.98562912683434,100.94014498555096,98.96151339047644,100.07511901855467,10603900
20260618,SCHW,94.30501142445804,94.51439993869909,90.59582606998896,91.43338012695312,27430200
20260618,SHW,315.03186291701803,321.7563106428517,314.1039843697077,320.0502624511719,4269200
20260618,SJM,111.56446333867817,113.1000752532986,109.60284349383488,109.8307113647461,2176200
20260618,SLB,49.841389351235215,49.96077266057208,47.36424450509341,47.84176635742188,41856500
20260618,SMCI,28.440000534057617,30.90999984741211,28.280000686645508,30.65999984741211,68325300
20260618,SNA,382.0595334095242,387.9529607642978,380.3501380023873,384.8621520996094,1031300
20260618,SNDK,2044.7449951171875,2191.68994140625,2029.0,2184.75,12178300
20260618,SNPS,461.989990234375,466.05999755859375,452.3299865722656,455.510009765625,3227800
20260618,SO,91.74245698804704,93.48804531541997,91.68295078871,92.32762145996094,20353100
20260618,SOLV,75.23999786376953,75.7699966430664,74.18000030517578,75.43000030517578,2337100
20260618,SPG,211.76705945687343,212.02430812639133,209.04626226114613,209.0858459472656,3655400
20260618,SPGI,394.57291572149177,394.57291572149177,385.1145074666384,387.8897399902344,3023126
20260618,SRE,89.78832107575883,90.92023118168044,89.20250369798825,90.04647827148438,9725500
20260618,STE,198.7336255888496,202.43234686280823,198.7336255888496,201.99368286132807,1599100
20260618,STLD,261.3073565033483,261.3971491940593,247.48870595133064,249.3444976806641,4526400
20260618,STT,172.06354725400126,173.79493471968206,167.10821681643694,167.47637939453125,7304600
20260618,STX,1132.5524299528463,1144.184150716912,1052.7793553063827,1069.4674072265625,8424500
20260618,STZ,137.9926900744103,140.9593200421045,137.8537851841887,140.07626342773438,3598300
20260618,SW,43.17628616839579,44.82624156208355,42.93845700799881,43.800594329833984,9449100
20260618,SWK,83.41405900673786,86.636018761176,83.41405900673786,86.00154113769531,2249500
20260618,SWKS,71.41000366210938,72.7699966430664,68.48999786376953,72.44999694824219,9405000
20260618,SYF,75.05590345753559,75.74094894919317,74.71736892261323,74.9364242553711,8466700
20260618,SYK,300.3880825182692,310.7105316775578,298.56293785829405,306.98046875,3427700
20260618,SYY,79.8408105728336,79.8408105728336,77.90364570063416,78.18180084228516,6460800
20260618,T,22.16323600668553,22.22244458420917,21.699446775631767,21.71918296813965,94242900
20260618,TAP,38.60995838112918,39.15362061630466,38.3529519472859,38.94604110717773,5702800
20260618,TDG,1330.1800537109375,1337.3399658203125,1304.8599853515625,1328.31005859375,741700
20260618,TDY,631.8300170898438,631.8300170898438,612.0599975585938,619.5800170898438,624600
20260618,TECH,55.28876904770356,58.1855625259775,55.08899334063145,57.87590408325195,3773100
20260618,TEL,215.807332686866,218.47691671748268,215.19970467686832,216.79348754882807,3407300
20260618,TER,421.6680129406445,439.3312414637092,421.6680129406445,437.7518615722656,17958200
20260618,TFC,48.42013816278037,48.75680184069374,47.49926409605446,47.85573196411133,18836900
20260618,TGT,128.0174040522272,130.79607941675704,127.96778187485724,129.74415588378906,7529100
20260618,TJX,164.40127863499626,166.35512057939678,162.61691537853517,163.29476928710938,9069800
20260618,TKO,195.6389066787484,204.05444396161903,193.08934896525287,197.9693603515625,6617600
20260618,TMO,461.276421904047,467.581586354504,458.6484314590977,464.2541198730469,3358500
20260618,TMUS,180.34911040804477,182.45694013813284,178.75828578492633,180.62750244140625,12545500
20260618,TPL,353.9417880789589,358.6741808825941,351.246103550831,354.5408020019531,994900
20260618,TPR,147.6502881094956,149.3538217413002,142.469913871855,142.95806884765625,5860900
20260618,TRGP,258.66942027103187,260.81936210789263,252.63765166293072,257.3754577636719,2248100
20260618,TRMB,49.0099983215332,49.58000183105469,47.91999816894531,49.15999984741211,9376200
20260618,TROW,107.74957162937643,107.98662809601178,105.44820683374289,106.3272705078125,4637900
20260618,TRV,307.63817579823416,308.7942268776608,300.6221552947038,306.7611694335937,5783600
20260618,TSCO,29.59553864509697,30.300668253468626,29.50615599200391,30.032520294189453,24880700
20260618,TSLA,398.1000061035156,402.5199890136719,384.7000122070313,400.489990234375,58384700
20260618,TSN,55.18481859067276,55.90806619853257,54.12471557016728,54.94703674316406,7344500
20260618,TT,481.0427334253933,490.6699670560191,477.2417220442297,482.2598571777344,1540100
20260618,TTD,18.059999465942383,18.565000534057617,17.770000457763672,18.51000022888184,50679200
20260618,TTWO,239.13999938964844,242.1499938964844,233.22999572753903,239.27999877929688,7241500
20260618,TXN,311.5149986688037,321.95158310705244,309.97290653551966,321.21533203125,21929600
20260618,TXT,94.4461400578071,94.4461400578071,87.14798083541002,89.44740295410156,4306700
20260618,TYL,285.42999267578125,288.82000732421875,274.0899963378906,278.9100036621094,1775500
20260618,UAL,118.80999755859376,120.68000030517578,117.26000213623048,118.31999969482422,6761800
20260618,UBER,71.97000122070312,72.48999786376953,70.77999877929688,71.63999938964844,27203300
20260618,UDR,37.75266177024936,37.75266177024936,36.961823810069866,37.129878997802734,7493800
20260618,UHS,142.24279147114186,142.24279147114186,140.09530677154012,141.00424194335938,2193000
20260618,ULTA,454.0,459.2900085449219,449.010009765625,456.1300048828125,1409000
20260618,UNH,400.30508514209487,403.7141170062105,396.7072439594676,398.5061645507813,11896900
20260618,UNP,256.8878591238498,262.4619975842523,254.93692129452276,255.69342041015625,3443000
20260618,UPS,104.425040249466,105.93103503054488,103.17497469053704,103.21434783935548,13306400
20260618,URI,1061.7577591116087,1090.0190490248087,1061.7577591116087,1074.955078125,846500
20260618,USB,58.11265755431207,58.241555480850245,57.06165096547608,57.64664459228516,22023900
20260618,V,330.3862161708477,331.71373650670535,326.3936334980882,326.6331787109375,14716700
20260618,VEEV,153.3000030517578,154.0,150.38999938964844,153.3000030517578,5108000
20260618,VICI,26.88999938964844,27.03899955749512,26.270000457763672,26.280000686645508,19397200
20260618,VLO,236.0079128497253,237.1136402232507,231.82408488505084,235.3903045654297,6141200
20260618,VLTO,83.01762220841233,84.31571173226253,82.40851948302343,83.89632415771484,6777100
20260618,VMC,297.7767053054903,306.2908843926924,296.1297714792446,302.2783508300781,2011600
20260618,VMRK,64.79691624581102,64.79691624581102,63.15398254983901,63.43109893798828,5776800
20260618,VRSK,175.55940706903075,177.85326138263457,170.68248041239335,173.3353729248047,18048200
20260618,VRSN,266.6572097531279,267.2055877404616,261.36275447402,263.86541748046875,1820900
20260618,VRT,331.14882256285057,337.707212187857,326.4199709585901,332.9683532714844,7262600
20260618,VRTX,462.1700134277344,464.9800109863281,450.3900146484375,451.6300048828125,2992900
20260618,VST,161.86332904611436,170.1017922134942,159.8062121962517,163.52101135253906,7976300
20260618,VTR,82.22836910048596,82.22836910048596,80.54820774066359,81.12483215332031,8802900
20260618,VTRS,15.94044690387944,16.03970287051669,14.828784431787446,15.25558376312256,22642100
20260618,VZ,45.02249738880212,45.2879722667578,44.599704481401325,44.60953521728516,66305300
20260618,WAB,274.14702537112373,278.1029641284832,273.30789516122934,273.5476379394531,1357900
20260618,WAT,358.9700012207031,360.6499938964844,353.5599975585937,355.44000244140625,1460800
20260618,WBD,26.239999771118164,26.540000915527344,26.13999938964844,26.200000762939453,43702200
20260618,WDAY,119.48999786376952,121.8000030517578,116.5500030517578,116.93000030517578,11755600
20260618,WDC,763.9047710362597,799.6132774415504,738.8727685555358,745.990478515625,16683900
20260618,WEC,111.21057640651544,112.57864816239451,110.29852856926269,111.2006607055664,4346800
20260618,WELL,207.73578017746897,207.73578017746897,202.1369061311521,205.872802734375,8060800
20260618,WFC,84.4451856958714,85.08153171153029,81.48219339696237,81.73076629638672,36738600
20260618,WM,215.36817951806677,215.9854466000645,211.2862138161903,213.6557464599609,3620600
20260618,WMB,71.2624989297401,72.75168463902493,70.31935101028247,72.59284210205078,15180100
20260618,WMT,117.9176994360996,118.19703710439678,116.52104915047984,116.90013885498048,36526800
20260618,WRB,67.64999359624878,67.64999359624878,66.40125152505554,66.57964324951172,4293400
20260618,WSM,225.24791934924343,229.8824390402602,223.2446136830125,226.16485595703125,2523900
20260618,WST,326.1369697527668,328.89514732808146,322.9890321246815,327.7359313964844,1479300
20260618,WTW,259.6747856479235,260.8106657224181,250.84691824542816,254.27444458007807,1360300
20260618,WY,24.35596379739837,24.633412398226376,24.09833335876465,24.09833335876465,7925200
20260618,WYNN,103.17741536388527,106.4893073343981,103.0776610946239,105.27228546142578,1667300
20260618,XEL,76.84061127256818,77.99133928093927,76.27516942525152,76.791015625,14786900
20260618,XOM,137.43012951128387,137.5692282188612,134.97601897282365,136.92340087890625,48063400
20260618,XYL,111.14701432042558,112.31257677981732,110.33012341720188,110.9975814819336,3912900
20260618,XYZ,73.76499938964844,75.08999633789062,72.40499877929688,74.77999877929688,8663500
20260618,YUM,153.34687441875278,153.9339263074636,150.44152399893363,151.22756958007812,4792200
20260618,ZBH,87.61717746859759,88.57463235322926,87.08858329773402,87.73686218261719,4635000
20260618,ZBRA,236.75,239.4900054931641,233.83999633789065,235.97999572753903,1564100
20260618,ZTS,77.19190382064407,78.51269090494576,76.77480558586481,78.16511535644531,17091900
