date,ticker,open,high,low,close,volume
20260310,A,115.24703313957151,116.77354873787591,114.19942051499665,115.1672134399414,2340100
20260310,AAPL,257.4128391437035,262.2384104290217,256.71350175461305,260.58990478515625,30590800
20260310,ABBV,225.78684234836834,229.36714027323663,224.29918418235505,225.14218139648438,6466800
20260310,ABNB,132.80499267578125,134.5800018310547,130.0749969482422,132.44000244140625,3631400
20260310,ABT,111.57998887387072,111.74892718884863,109.11545468528396,109.86077880859375,8746100
20260310,ACGL,95.30000305175781,96.94000244140625,94.91000366210938,96.19000244140625,1771100
20260310,ACN,206.8557948182461,206.8557948182461,198.06038767270422,199.9344940185547,5163000
20260310,ADBE,281.82000732421875,282.3999938964844,268.3699951171875,275.1300048828125,4591600
20260310,ADI,318.7200012207031,323.94000244140625,317.0799865722656,318.80999755859375,4351500
20260310,ADM,68.04139450226856,69.39248723023617,66.65056286119334,68.93550109863281,5133600
20260310,ADP,220.14109687643221,220.58740620595384,210.75861268353088,215.5886993408203,3204900
20260310,ADSK,260.5799865722656,261.7799987792969,252.08999633789062,253.85000610351562,1857600
20260310,AEE,109.88999938964844,111.68000030517578,109.7699966430664,110.38999938964844,1969700
20260310,AEP,130.53201586474822,132.31904077000866,130.1845484782187,131.3560333251953,3211800
20260310,AES,14.017166554672263,14.106070512817151,13.997410642894867,14.0369234085083,12121800
20260310,AFL,109.36369197107383,111.24395496116952,108.49817107480304,109.7317886352539,2177300
20260310,AIG,77.0753682993761,78.76540416929751,76.80695489770459,77.59232330322266,3705600
20260310,AIZ,218.85000610351562,222.7899932861328,216.5,219.6999969482422,282500
20260310,AJG,216.99000549316406,217.52000427246094,210.3000030517578,211.72000122070312,1880400
20260310,AKAM,101.55000305175781,106.08000183105469,100.41000366210938,104.5,3814700
20260310,ALB,171.03630383778784,173.21090943127356,165.96885543786593,166.12844848632812,2028300
20260310,ALGN,176.3000030517578,176.47999572753906,169.3000030517578,169.42999267578125,1514200
20260310,ALL,207.07000732421875,210.3800048828125,206.1999969482422,207.5,1099800
20260310,ALLE,149.26499307307438,149.81292206398084,146.78437738765152,146.97366333007812,1300000
20260310,AMAT,339.8500061035156,355.2799987792969,339.0,345.8800048828125,6121100
20260310,AMCR,42.209999084472656,42.79999923706055,41.439998626708984,42.099998474121094,4559800
20260310,AMD,202.50999450683594,206.58999633789062,202.1999969482422,203.22999572753906,29139200
20260310,AME,224.68327171532553,228.64697989872948,224.17408562498005,225.9412841796875,1509500
20260310,AMGN,373.35065478639154,376.4174918942373,369.9463392921709,372.6161804199219,2284500
20260310,AMP,462.1222790588168,462.1222790588168,447.94404844143304,454.5001220703125,519800
20260310,AMT,184.65499312977352,186.13025829922944,182.70448073366316,184.27874755859375,3288700
20260310,AMZN,214.19000244140625,215.64999389648438,212.42999267578125,214.3300018310547,35678800
20260310,ANET,138.0,141.77000427246094,137.88999938964844,139.6199951171875,5435800
20260310,AON,331.34589242616374,331.34589242616374,319.5968881700588,320.1155090332031,1412300
20260310,AOS,69.73353038452797,71.05601329811184,69.02754514755223,69.42528533935547,1335300
20260310,APA,31.846834865690095,32.46271143321538,31.330291883808652,31.608428955078125,7806500
20260310,APD,272.02443838050004,275.4231118655664,268.8642294575049,273.40576171875,1167900
20260310,APH,136.11098539596335,139.0851028650134,135.24269117878222,136.47027587890625,7156300
20260310,APO,107.90496384041177,108.62194155587333,105.06693338117341,107.71575927734375,3488400
20260310,APP,512.6500244140625,517.0,473.0,477.3900146484375,6688500
20260310,APTV,73.19000244140625,73.19000244140625,71.68000030517578,72.05000305175781,2345200
20260310,ARE,50.206740827969405,51.0041433577561,49.36996331631515,50.25596237182617,1370900
20260310,ARES,107.92073100328703,109.43017965140066,104.05338416825124,107.22026824951172,3688200
20260310,ATO,184.1999969482422,186.3000030517578,183.07000732421875,183.44000244140625,1222800
20260310,AVB,173.94223736351867,175.11912888830668,171.15329962336483,172.52798461914062,841000
20260310,AVGO,348.0000043944519,352.4007764686792,340.08658134740205,341.86285400390625,29531700
20260310,AVY,176.1199951171875,177.38999938964844,173.66000366210938,174.3000030517578,918800
20260310,AWK,135.84822685725135,136.79147633854015,131.65819869996972,131.896484375,1636800
20260310,AXON,556.2899780273438,559.3400268554688,528.3400268554688,529.969970703125,797200
20260310,AXP,304.9858353916993,307.2785749584316,300.0713487692581,302.19464111328125,3488800
20260310,AZO,3676.75,3770.050048828125,3663.989990234375,3726.02001953125,122200
20260310,BA,224.10000610351562,226.11000061035156,217.02999877929688,217.75999450683594,9285300
20260310,BAC,48.279998779296875,49.150001525878906,47.599998474121094,48.560001373291016,50271100
20260310,BALL,61.77000045776367,62.97999954223633,61.25,62.02000045776367,1477300
20260310,BAX,17.920000076293945,17.989999771118164,17.399999618530273,17.459999084472656,9355900
20260310,BBY,64.66540601512163,65.27610266475565,63.118952620609456,63.828155517578125,4648900
20260310,BDX,164.47000122070312,166.35000610351562,163.3000030517578,163.8800048828125,2528200
20260310,BEN,25.46779592310935,25.586066367775977,24.846869509047668,24.856725692749023,3775000
20260310,BF-B,24.940000534057617,25.579999923706055,24.780000686645508,25.399999618530273,4437200
20260310,BG,123.04000091552734,123.9800033569336,117.9800033569336,119.75,2515500
20260310,BIIB,187.69000244140625,190.77999877929688,187.02000427246094,188.41000366210938,687500
20260310,BK,114.92381080351134,116.68681687884458,113.75843854307526,114.96365356445312,2458500
20260310,BKNG,176.5,177.2760009765625,171.38119506835938,174.8708038330078,9612500
20260310,BKR,59.75019472560218,60.59736025852735,59.01265938243339,59.14222717285156,13704600
20260310,BLDR,94.16000366210938,96.08999633789062,93.0999984741211,93.68000030517578,2773100
20260310,BLK,965.0,976.7999877929688,956.5499877929688,967.3599853515625,1159200
20260310,BMY,59.981531459989085,60.33785800254897,59.36786006767236,59.51633071899414,9693800
20260310,BR,189.8263651203322,189.8263651203322,183.1331673474201,185.60955810546875,1668700
20260310,BRK-B,495.1300048828125,498.6700134277344,492.30999755859375,494.1400146484375,3598700
20260310,BRO,71.11153615427554,71.231188140937,67.87103568469733,68.37954711914062,2905000
20260310,BSX,71.38999938964844,71.70999908447266,69.77999877929688,69.95999908447266,14271200
20260310,BX,109.75303104217164,111.30861676451741,107.40479455621562,108.95046997070312,6944600
20260310,BXP,51.3271598557499,52.8660881997951,50.962158995306616,52.71811294555664,3385700
20260310,C,107.89959394561575,110.3878235900385,106.86448950231897,108.45695495605469,17843900
20260310,CAG,18.005958130432624,18.05472944989941,17.62555114076973,17.635305404663086,10189400
20260310,CAH,220.59525765235563,222.08164472056754,215.90661124126038,216.51513671875,1568000
20260310,CARR,57.824036279302575,59.15928044727517,57.66460431004426,58.222618103027344,6877700
20260310,CASY,650.5686569762851,693.1190916688354,648.5000848211342,689.441650390625,688400
20260310,CAT,711.4256234981032,729.4013501993434,708.9303739321189,715.3181762695312,3089100
20260310,CB,322.3982631427643,327.1542122511294,321.32142495702857,324.2826843261719,1243400
20260310,CBOE,296.75,297.8500061035156,279.04998779296875,285.5199890136719,1684800
20260310,CBRE,136.7899932861328,137.0,133.08999633789062,134.58999633789062,1917400
20260310,CCI,88.43465874543251,89.47169231603259,87.17046113448454,87.42724609375,2350400
20260310,CCL,25.74232944474188,26.795876003252896,25.126104850338915,26.05044174194336,35613600
20260310,CDNS,299.05999755859375,299.05999755859375,290.4700012207031,293.2900085449219,2084200
20260310,CDW,121.5199966430664,122.66000366210938,117.0,118.6500015258789,1121600
20260310,CEG,322.20939117604445,325.5542006199134,316.1987406032632,316.5981140136719,2316600
20260310,CF,109.75191544308565,112.21187345239711,106.27610817404477,109.60253143310547,7349600
20260310,CFG,57.982858657836914,59.40065626416888,57.02971292223249,58.469356536865234,5688400
20260310,CHD,101.19961083386532,102.08671408371944,100.50189174001414,100.80091094970703,2183100
20260310,CHRW,181.5500030517578,181.9499969482422,175.72999572753906,175.86000061035156,1767700
20260310,CHTR,222.22999572753906,222.77999877929688,216.9199981689453,219.3300018310547,1889900
20260310,CI,269.8699951171875,270.0,262.0199890136719,262.44000244140625,2044800
20260310,CIEN,325.0,349.7699890136719,325.0,337.3599853515625,3020900
20260310,CINF,161.77508754571932,165.1750169853641,161.14879473397534,163.7633514404297,857700
20260310,CL,91.84917197265284,92.90263010652407,90.91498297836138,91.91873931884766,5869200
20260310,CLX,111.59331403784198,115.29663198157567,110.20086287447668,114.4275894165039,2213200
20260310,CMCSA,30.584366641129193,30.821607780979374,30.19884813912579,30.712871551513672,21238700
20260310,CME,309.260009765625,310.20001220703125,300.80999755859375,306.3399963378906,2715700
20260310,CMG,35.02000045776367,35.20000076293945,34.459999084472656,34.720001220703125,16666000
20260310,CMI,555.219970703125,570.0,551.47998046875,558.7100219726562,1260200
20260310,CMS,76.09896360810855,76.73403061438853,75.76158000256213,75.8409652709961,2869700
20260310,CNC,42.41999816894531,42.470001220703125,36.279998779296875,36.400001525878906,18133300
20260310,CNP,43.290000915527344,43.83000183105469,43.04999923706055,43.15999984741211,4439200
20260310,COF,186.20071948324644,187.44537669904355,181.47102206321748,184.07981872558594,5493800
20260310,COHR,259.0,272.5899963378906,258.17999267578125,260.6400146484375,7866100
20260310,COIN,204.42999267578125,206.00999450683594,194.75,196.52000427246094,10846100
20260310,COO,76.0,76.01000213623047,74.27999877929688,74.41000366210938,2249200
20260310,COP,115.26340650027464,115.68030641873368,112.09693612959167,113.30793762207031,13917900
20260310,COR,359.6516657626426,361.4375306083833,350.6224434441434,351.3807067871094,972300
20260310,COST,999.0503208666239,1008.6363865232382,994.5568411625761,995.9148559570312,1613400
20260310,CPAY,322.8699951171875,333.20001220703125,318.55999755859375,329.0799865722656,694400
20260310,CPB,24.770682767432877,24.770682767432877,24.210616042689495,24.249919891357422,9845800
20260310,CPRT,37.43000030517578,37.47999954223633,36.15999984741211,36.310001373291016,6852500
20260310,CPT,103.3876249104778,103.76351281279506,101.57745690257306,102.48748779296875,864800
20260310,CRH,106.20376410414718,107.58873438865287,104.9981494897494,105.89488983154297,6414700
20260310,CRL,173.9499969482422,175.27999877929688,166.82000732421875,167.3699951171875,793600
20260310,CRM,196.76788003492268,199.07212994665105,190.12450664106865,194.4237518310547,14467400
20260310,CRWD,445.0,447.95001220703125,428.54998779296875,436.3299865722656,3316800
20260310,CSCO,76.72425527557445,78.58417968871929,76.68446994398955,77.28123474121094,24836000
20260310,CSGP,47.72999954223633,48.31999969482422,45.5,46.33000183105469,4530900
20260310,CSX,40.529998779296875,41.459999084472656,40.40999984741211,40.90999984741211,12622400
20260310,CTAS,198.76953945404188,199.4277534200367,193.88283260510178,195.7477569580078,2041200
20260310,CTSH,64.09802714681136,64.09802714681136,61.33748999245734,62.53901672363281,5535200
20260310,CTVA,77.97000122070312,78.3550033569336,76.2699966430664,76.30999755859375,3719800
20260310,CVNA,65.43000030517578,66.41000366210938,62.48400115966797,63.75400161743164,11995500
20260310,CVS,77.90619824481368,78.06480974247295,75.43786542583803,75.65595245361328,6480800
20260310,CVX,186.91798613888145,187.4629822052631,183.95511813877917,184.59921264648438,11999600
20260310,D,62.43000030517578,63.34000015258789,62.27000045776367,62.72999954223633,3434200
20260310,DAL,59.891105507713924,61.387136471959586,58.31528820376897,59.1131706237793,24287100
20260310,DASH,174.8699951171875,175.0399932861328,168.99000549316406,169.92999267578125,3747500
20260310,DD,45.1807138110898,46.56521918534599,44.632888462950824,45.78830337524414,3440600
20260310,DDOG,128.88999938964844,129.39999389648438,121.94999694824219,123.08000183105469,4011300
20260310,DE,595.3387865089157,601.2714470328974,589.7052389405208,590.991455078125,1092800
20260310,DECK,104.58000183105469,107.30999755859375,103.08000183105469,105.26000213623047,2103600
20260310,DELL,145.83873953419211,146.43689482755104,137.0758603203263,143.35643005371094,7518700
20260310,DG,144.4450544842761,148.5256951583377,143.81802295005485,145.31094360351562,3358600
20260310,DGX,202.26772471237305,203.50234493028427,198.00631373098147,200.02749633789062,675900
20260310,DHI,146.7359980670205,147.38404635413963,143.9544212915492,144.84173583984375,2337300
20260310,DHR,197.7384972940419,198.13764036305633,194.7448785974373,194.80474853515625,3190400
20260310,DIS,101.75,102.23999786376953,100.23999786376953,101.31999969482422,7833100
20260310,DLR,178.29601026966623,181.90146627585105,178.29601026966623,179.6368865966797,1771700
20260310,DLTR,115.33999633789062,119.91000366210938,115.20999908447266,116.81999969482422,2788800
20260310,DOC,17.10447120666504,17.202773142469848,16.947188859358736,17.10447120666504,5382700
20260310,DOV,211.5,214.16000366210938,208.52999877929688,210.25999450683594,819100
20260310,DOW,34.619998931884766,35.18000030517578,33.185001373291016,33.88999938964844,22301900
20260310,DPZ,410.0688007055832,410.4369364084497,397.8107077066885,398.5071716308594,1335900
20260310,DRI,197.84684454266238,203.26513779629576,197.54914860198033,201.91552734375,1064000
20260310,DTE,147.25403128693995,148.3454542521566,146.46025949591296,146.6090850830078,890900
20260310,DUK,128.39054381010155,129.57035122776563,127.4486857035166,128.57891845703125,8176600
20260310,DVA,151.89999389648438,154.17999267578125,149.8699951171875,151.5500030517578,662600
20260310,DVN,44.24888449640257,44.69654708605015,43.204340983809104,43.472938537597656,16009200
20260310,DXCM,68.5999984741211,68.75,66.73999786376953,67.79000091552734,2521400
20260310,EA,199.0,200.55999755859375,198.25999450683594,200.07000732421875,2851000
20260310,EBAY,92.95999908447266,93.16999816894531,90.30999755859375,90.86000061035156,4474800
20260310,ECL,280.90714576950467,284.4975293033504,279.1518403894008,280.63787841796875,2353800
20260310,ED,110.42503788476917,111.32748234135406,109.7705242977459,110.37545776367188,1615400
20260310,EFX,203.69000244140625,205.25,195.52999877929688,195.94000244140625,1169200
20260310,EG,324.8816514255351,328.67795705719925,321.15491874926926,325.4679870605469,299800
20260310,EIX,69.68850786766674,71.27929961789101,69.22411421484284,70.23194885253906,3110700
20260310,EL,92.0,96.36000061035156,91.31999969482422,94.2699966430664,4947200
20260310,ELV,287.2200012207031,290.5799865722656,280.9200134277344,282.67999267578125,2914000
20260310,EME,724.5491652499733,734.8240778897957,719.3518022387026,723.0199584960938,262000
20260310,EMR,140.83082682435875,142.27500240311525,139.45639197181885,139.53607177734375,3156500
20260310,EOG,129.186953390448,129.851789557589,125.96199301987023,126.90467071533203,6669600
20260310,EPAM,144.8000030517578,144.99000549316406,138.6199951171875,142.17999267578125,1589900
20260310,EQIX,940.2595149413505,960.2506669485824,934.9458302362337,951.3646240234375,658400
20260310,EQR,61.09014936620249,61.594045091842396,60.10211527988423,60.74433517456055,2202600
20260310,EQT,61.7260644419452,62.18477094326126,61.15766642858006,61.6562614440918,8120700
20260310,ERIE,251.9622347668128,255.99889292339483,240.9757953254989,242.58648681640625,208800
20260310,ES,72.65750423669893,73.21093978045135,72.04478252953558,72.74645233154297,2038800
20260310,ESS,251.15978767581996,254.45425492806825,248.4688240243084,251.57530212402344,554000
20260310,ETN,352.6953534488166,367.27505811560775,350.6110863848302,360.0649719238281,3646400
20260310,ETR,105.30529163251522,105.31523947818977,103.34599096167732,104.19137573242188,1759200
20260310,EVRG,82.3499984741211,82.80000305175781,81.83000183105469,81.93000030517578,1266800
20260310,EW,83.98999786376953,86.37999725341797,82.87999725341797,85.77999877929688,6265800
20260310,EXC,48.900001525878906,49.2400016784668,48.52000045776367,49.0099983215332,7466400
20260310,EXE,106.4561715798047,107.0277195429063,103.73264509176065,104.04077911376953,3364200
20260310,EXPD,144.97999572753906,145.1300048828125,141.00999450683594,141.3699951171875,1987500
20260310,EXPE,240.8300018310547,241.0,226.25,231.66000366210938,2382800
20260310,EXR,144.31706508180662,146.73898682799253,142.6958589050516,144.9991455078125,985000
20260310,F,12.038257256880486,12.354274505576143,12.038257256880486,12.087635040283203,56746300
20260310,FANG,180.29835901899025,181.76031951137315,175.1864748023609,177.3943328857422,2194700
20260310,FAST,46.17395502577275,46.62157061838668,45.795971898212514,46.05459213256836,7194900
20260310,FCX,60.84601923563812,62.98131679228397,60.59656851535115,62.262901306152344,16982400
20260310,FDS,221.16000366210938,221.99000549316406,207.4600067138672,212.00999450683594,865300
20260310,FDX,363.29998779296875,368.45001220703125,358.4100036621094,359.4700012207031,1523300
20260310,FE,50.360589032631886,50.637729424884064,50.033956048259256,50.1428337097168,2825200
20260310,FFIV,286.8399963378906,289.989990234375,281.989990234375,286.1400146484375,415300
20260310,FICO,1432.5999755859375,1433.0,1280.6099853515625,1285.1500244140625,457300
20260310,FIS,51.470001220703125,51.470001220703125,49.099998474121094,50.529998779296875,5200000
20260310,FISV,60.9900016784668,61.150001525878906,58.470001220703125,59.45000076293945,5843600
20260310,FITB,46.46030582330544,47.233321629667806,45.66746861414583,46.17290115356445,11205700
20260310,FIX,1384.4474613918303,1409.4376683816574,1371.862427318052,1383.0780029296875,389900
20260310,FOX,53.83000183105469,53.83000183105469,52.70000076293945,53.08000183105469,1648400
20260310,FOXA,59.029998779296875,59.2400016784668,57.720001220703125,58.15999984741211,2949600
20260310,FRT,105.25808529254955,106.79159741174888,104.53585620153237,105.66372680664062,668400
20260310,FSLR,195.6999969482422,201.17999267578125,195.24000549316406,197.8000030517578,1954600
20260310,FTNT,84.29000091552734,85.05000305175781,81.62000274658203,84.19999694824219,5829400
20260310,FTV,56.5081637972572,56.59806557190189,55.62912464634543,55.75898361206055,2506100
20260310,GD,358.17630382137736,359.6892652828789,353.05012052513996,353.9459533691406,973200
20260310,GDDY,91.30999755859375,91.98999786376953,88.79000091552734,90.20999908447266,2785800
20260310,GE,322.260009765625,331.8800048828125,320.54998779296875,326.5199890136719,4146700
20260310,GEHC,75.10346537557156,75.46329094909224,71.6851300528102,72.69464111328125,4395500
20260310,GEN,22.42979635195845,22.55910444872191,21.48486147007713,21.663902282714844,4375700
20260310,GEV,835.4548388339109,852.4045506134678,831.5971251309307,838.69287109375,2393600
20260310,GILD,146.89576975416426,148.53646136707363,146.01079615906403,147.72108459472656,5098500
20260310,GIS,42.38459775051197,42.5517779349337,41.568376560199056,41.578208923339844,8334200
20260310,GL,142.0154913786583,145.11818365775684,140.1798037085442,142.5741729736328,497400
20260310,GLW,132.02000427246094,139.6300048828125,131.2899932861328,136.22000122070312,16870600
20260310,GM,74.83999633789062,77.19999694824219,74.83999633789062,74.93000030517578,8915600
20260310,GNRC,207.75999450683594,215.11000061035156,207.5399932861328,210.7100067138672,681500
20260310,GOOG,305.875,309.1499938964844,305.30999755859375,306.92999267578125,14386400
20260310,GOOGL,306.1700134277344,309.510009765625,305.57000732421875,307.0400085449219,23239700
20260310,GPC,111.62999725341797,111.80000305175781,108.88999938964844,108.95999908447266,1813400
20260310,GPN,73.68000030517578,74.88999938964844,72.37999725341797,73.54000091552734,3765800
20260310,GRMN,240.88678589435304,244.06460915585527,237.18098734745422,240.4185791015625,703900
20260310,GS,834.6799926757812,846.0900268554688,826.3499755859375,833.8099975585938,1871900
20260310,GWW,1109.8953974771075,1121.2124759975593,1099.3566521069963,1104.1669921875,189800
20260310,HAL,34.4900016784668,35.5,34.25,35.34000015258789,20512300
20260310,HAS,95.80000305175781,96.58999633789062,94.45999908447266,95.06999969482422,935200
20260310,HBAN,16.026944026307827,16.17543293371058,15.690368162520839,15.828957557678223,21203200
20260310,HCA,543.0822707114099,544.1606228977934,529.2128844525647,536.841552734375,851800
20260310,HD,350.69538620676036,359.23827763224915,348.6887821037957,354.778076171875,3986000
20260310,HIG,137.8300018310547,139.22000122070312,136.9499969482422,137.25,1123600
20260310,HII,423.1400146484375,427.3599853515625,416.6199951171875,417.510009765625,353700
20260310,HLT,302.29998779296875,303.1400146484375,297.8399963378906,298.3699951171875,1958200
20260310,HON,235.5057182160603,243.91946964364973,235.32669415622402,239.29489135742188,5089100
20260310,HOOD,80.20500183105469,80.75,77.66000366210938,78.52999877929688,22663600
20260310,HPE,21.878922873381438,21.998152996951635,20.890296798541282,20.96481704711914,36131400
20260310,HPQ,18.60808471965122,18.88361494390837,18.17510918921744,18.490001678466797,18327400
20260310,HRL,23.36726984087363,23.416567124697288,23.0123233795166,23.0123233795166,5609400
20260310,HSIC,78.33000183105469,79.06999969482422,76.25,76.29000091552734,1430600
20260310,HST,18.928204848980243,19.432825300041223,18.750105178513557,19.046939849853516,9146200
20260310,HSY,218.10324108480268,220.55439803589425,214.9276577298589,217.32919311523438,1569200
20260310,HUBB,485.70001220703125,494.07000732421875,478.04998779296875,478.05999755859375,700970
20260310,HUM,178.8019139354685,179.07053866743982,171.09107546665575,172.74267578125,1405800
20260310,HWM,253.29842267365328,257.2666758313203,251.56917344231945,253.79820251464844,1967200
20260310,IBKR,67.68000030517578,69.98999786376953,66.68000030517578,68.5,4928600
20260310,IBM,251.40961927894278,251.58831203452638,244.74865255037952,248.37197875976562,4938000
20260310,ICE,164.32915174165882,164.32915174165882,158.3385094049854,159.6542510986328,3398100
20260310,IDXX,607.9600219726562,610.4299926757812,598.0999755859375,598.8499755859375,463100
20260310,IEX,197.32000732421875,199.5500030517578,195.77000427246094,195.7899932861328,501800
20260310,IFF,72.55152859512906,73.86377840602883,71.90534330981143,72.42228698730469,1857200
20260310,INCY,97.5199966430664,97.86000061035156,95.9000015258789,96.0199966430664,1547800
20260310,INTC,45.40999984741211,47.880001068115234,45.40999984741211,46.779998779296875,85233300
20260310,INTU,472.549679878814,473.5366201515909,446.8889589745789,452.5514831542969,5013200
20260310,INVH,25.469273410409603,25.71626015141077,25.15905699339606,25.439634323120117,6554800
20260310,IP,38.38999938964844,39.81999969482422,37.790000915527344,39.09000015258789,5447100
20260310,IQV,178.1199951171875,180.13999938964844,170.8800048828125,170.92999267578125,1597700
20260310,IR,86.57573998338184,88.09531847050539,85.49604068367678,86.39579010009766,2824700
20260310,IRM,105.9065625080958,107.9102312865372,105.37093607267536,106.89847564697266,1187500
20260310,ISRG,493.95001220703125,496.0,484.3800048828125,485.8500061035156,1547200
20260310,IT,164.9600067138672,166.60000610351562,154.97000122070312,159.05999755859375,1845200
20260310,ITW,273.76864323133225,276.31255269881586,271.314164527261,271.5725402832031,1187100
20260310,IVZ,23.734541406086482,24.35965600137587,23.397177372895253,23.78415298461914,5181600
20260310,J,134.39999389648438,135.16000366210938,130.74000549316406,131.83999633789062,722100
20260310,JBHT,216.59680123195722,220.2799474317116,213.03342719140218,215.44894409179688,706700
20260310,JBL,249.07375927176378,255.29235621452958,247.3441388667512,251.09329223632812,1130900
20260310,JCI,132.95016196384455,135.76148769959542,132.19250305327893,133.52838134765625,4396400
20260310,JKHY,171.4199981689453,172.8000030517578,167.33999633789062,171.02000427246094,1336800
20260310,JNJ,242.3000030517578,245.0,240.82000732421875,243.7100067138672,7214100
20260310,JPM,287.81703392074905,291.25940817695187,285.7177615952499,287.2598876953125,8344900
20260310,KDP,27.75485346746991,28.081964164853403,27.60616713059548,27.794504165649414,7821500
20260310,KEY,19.709999084472656,20.170000076293945,19.40999984741211,19.760000228881836,18753900
20260310,KEYS,285.95001220703125,293.29998779296875,283.32000732421875,285.5400085449219,1463100
20260310,KHC,24.40999984741211,24.415000915527344,23.639999389648438,23.65999984741211,11210400
20260310,KIM,23.1200008392334,23.459999084472656,23.0,23.15999984741211,5188600
20260310,KKR,91.27090095267117,91.61023905499131,88.13705094886798,89.78382110595703,5684700
20260310,KLAC,1419.288510951363,1485.2043812856562,1408.2026844144466,1451.087890625,891200
20260310,KMB,102.87999725341797,103.02999877929688,101.0199966430664,101.70999908447266,4168800
20260310,KMI,32.89586507309062,33.084123176845495,32.62833801212196,32.65806198120117,13108500
20260310,KO,76.95088983578943,77.87453913793452,76.57348001896666,77.34815216064453,17243900
20260310,KR,72.63734624862941,73.2043589451233,71.40384640859976,71.86143493652344,7992700
20260310,KVUE,17.90426106892159,17.924021513239868,17.657237610868606,17.746164321899414,30105500
20260310,L,108.80999755859375,110.20999908447266,108.36000061035156,109.16000366210938,554700
20260310,LDOS,177.49992196738833,177.49992196738833,169.6094812934398,172.08334350585938,1313400
20260310,LEN,99.25378638901962,99.97993990814943,97.18475391804401,98.19937896728516,2821000
20260310,LH,270.8299865722656,273.5299987792969,268.4200134277344,268.70001220703125,510400
20260310,LHX,365.55999755859375,366.7699890136719,360.5400085449219,361.7200012207031,1285400
20260310,LII,513.7213641940194,518.846328651193,506.62221673887996,510.3612365722656,320800
20260310,LIN,479.180461438064,481.4229290831355,473.0410797021519,476.3399963378906,2505600
20260310,LITE,679.010009765625,715.72998046875,669.0,672.0,7129000
20260310,LLY,1004.2712450318838,1010.2609343660699,992.2918663635114,999.6292114257812,1663700
20260310,LMT,657.9500122070312,659.8900146484375,646.2000122070312,651.219970703125,1653000
20260310,LNT,70.70072134564062,71.33596515269443,70.37317162780563,70.51213073730469,2150100
20260310,LOW,247.73084488158221,253.39366475365665,246.13849759457202,249.91038513183594,2092000
20260310,LRCX,211.0,220.82000732421875,210.8800048828125,215.22999572753906,10699700
20260310,LULU,169.75999450683594,171.33999633789062,166.33999633789062,166.42999267578125,2320300
20260310,LUV,42.19771996719034,44.41812803322619,41.93883612908258,42.635826110839844,10990700
20260310,LVS,54.19466671914735,54.97015712316895,53.72738817279507,53.995826721191406,3174700
20260310,LYB,65.72000122070312,67.5999984741211,64.18000030517578,65.61000061035156,12270400
20260310,LYV,165.1300048828125,167.0,162.5399932861328,165.52999877929688,3377400
20260310,MA,516.0631909935425,518.4391130080535,510.12338595726493,513.8369750976562,2759800
20260310,MAA,129.90751190169087,130.5002518259003,128.14906922027257,128.55410766601562,795900
20260310,MAR,326.04998779296875,331.7099914550781,323.7799987792969,326.0,1148900
20260310,MAS,63.86000061035156,65.13999938964844,63.09000015258789,63.470001220703125,2204400
20260310,MCD,328.3399963378906,329.6499938964844,326.7099914550781,327.94000244140625,2391400
20260310,MCHP,65.0,67.0999984741211,64.58000183105469,65.33000183105469,11371100
20260310,MCK,944.22998046875,945.0,925.0900268554688,928.6900024414062,645400
20260310,MCO,460.15198973956706,460.15198973956706,446.5744030949105,451.1534729003906,1282800
20260310,MDLZ,57.63103201017781,57.80948725116898,56.06459240191161,56.094337463378906,7716800
20260310,MDT,90.47132739078761,90.6697122148711,88.42801289217486,89.16201782226562,8834400
20260310,MET,70.48984833172923,71.43262856181393,69.18981270161285,70.06311798095703,3324700
20260310,META,653.0009245574777,659.7351492208539,648.444827744844,653.510498046875,9859300
20260310,MGM,35.369998931884766,35.83000183105469,34.880001068115234,35.0,3907300
20260310,MKC,63.295804868802634,63.8706824505613,62.324463509515965,62.8299560546875,2056100
20260310,MLM,611.8200073242188,616.0499877929688,604.5999755859375,607.5399780273438,514500
20260310,MMM,152.39999389648438,156.50999450683594,151.61000061035156,155.25,5891100
20260310,MNST,75.68000030517578,77.62999725341797,75.27999877929688,76.69999694824219,5994100
20260310,MO,65.78764359174241,66.20072013681462,65.18769586994942,66.03352355957031,6738600
20260310,MOS,26.729999542236328,26.920000076293945,26.049999237060547,26.479999542236328,8100200
20260310,MPC,214.1825760973897,219.46242868785257,211.5725421273348,214.4116973876953,2189700
20260310,MPWR,1049.6814007357125,1089.2023620435014,1037.9248762642242,1053.7132568359375,448000
20260310,MRK,116.37801702040153,118.12507913485308,115.81220812075487,116.22911834716797,9739300
20260310,MRNA,55.21500015258789,56.1619987487793,52.650001525878906,54.97999954223633,7268700
20260310,MRSH,178.17320808005283,178.17320808005283,172.93019692190313,173.10926818847656,2667200
20260310,MS,160.97491707820822,162.60615022039013,159.0055049720045,159.8907470703125,4314600
20260310,MSCI,557.9051287244228,559.4595126815973,547.2635676613776,548.1304321289062,595700
20260310,MSFT,410.0299987792969,410.20001220703125,402.92999267578125,405.760009765625,31706400
20260310,MSI,455.9253460052034,464.80188605585937,454.7783826478256,462.8869323730469,1111500
20260310,MTB,209.16000366210938,212.4199981689453,204.00999450683594,204.1199951171875,1623500
20260310,MTD,1247.3699951171875,1248.6800537109375,1218.06005859375,1231.72998046875,136500
20260310,MU,393.8445501809074,415.1355933099149,393.4747104385503,402.9407043457031,33745400
20260310,NCLH,20.280000686645508,21.020000457763672,19.899999618530273,20.350000381469727,25144100
20260310,NDAQ,88.26049848851899,88.29040256788889,86.00763071049485,87.3234634399414,3865700
20260310,NDSN,269.5413481789654,276.6295728250152,268.6740194774422,271.62493896484375,233100
20260310,NEE,91.70999908447266,92.13999938964844,91.05999755859375,91.54000091552734,7485900
20260310,NEM,118.0199966430664,120.33999633789062,117.0,118.9000015258789,8030000
20260310,NFLX,97.80999755859375,98.48999786376953,96.29000091552734,96.94000244140625,41027200
20260310,NI,46.60797251353822,46.88622784370259,46.180649661674614,46.280025482177734,3800400
20260310,NKE,56.70000076293945,57.2400016784668,55.79999923706055,56.08000183105469,15706400
20260310,NOC,738.0,744.969970703125,730.1900024414062,734.97998046875,642000
20260310,NOW,120.98999786376953,121.43000030517578,114.66000366210938,116.61000061035156,21872600
20260310,NRG,155.52372631150354,158.88343271071233,154.52677934796827,154.6763153076172,2847100
20260310,NSC,300.21117256508916,302.2921656695722,297.1245205895253,297.20416259765625,1289000
20260310,NTAP,100.15697870714283,100.66438184639102,96.23706231029678,96.41614532470703,1783300
20260310,NTRS,139.24000549316406,140.75999450683594,137.52999877929688,137.97999572753906,761300
20260310,NUE,169.01355159999585,171.46519663006083,167.23960312408917,169.85069274902344,1327600
20260310,NVDA,182.39012758732315,186.42991760168223,182.00014929336922,184.760009765625,179118500
20260310,NVR,6795.0,6907.0,6702.2001953125,6783.240234375,30000
20260310,NWS,27.488640468179117,27.49860395838615,26.950623399048133,27.119998931884766,956100
20260310,NWSA,24.39804372550976,24.417960951756626,23.820457460229242,23.93000030517578,3850600
20260310,NXPI,203.15568136374304,207.28424906354718,200.81780821613762,201.9817657470703,2525900
20260310,O,64.19693565125769,64.9800677739506,63.790496833392204,64.31588745117188,5113700
20260310,ODFL,195.69000244140625,198.9199981689453,192.8800048828125,195.02000427246094,1521400
20260310,OKE,84.74447433261342,85.50535305380194,83.24246920383078,83.67726135253906,4755800
20260310,OMC,83.298875349774,83.66522283191846,79.97206825178056,80.18000030517578,4639200
20260310,ON,59.25,60.97999954223633,58.58000183105469,59.59000015258789,7499200
20260310,ORCL,153.085334013108,153.6035284556817,147.93332957555808,148.88002014160156,51544600
20260310,ORLY,94.4000015258789,95.61000061035156,93.9000015258789,94.70999908447266,3913500
20260310,OTIS,86.71460129875828,87.04261571770007,85.54170745990795,85.57152557373047,2731400
20260310,OXY,53.25,54.0,52.04999923706055,53.119998931884766,24601500
20260310,PANW,165.5,167.0,160.8300018310547,165.5800018310547,6847000
20260310,PAYX,96.55806166902607,96.92335829712252,92.97415344411549,93.91209411621094,3415000
20260310,PCAR,119.89758048465704,120.82470104300783,118.42216756528873,118.65145111083984,2122400
20260310,PCG,18.068170480320912,18.347368352523205,17.888685047109234,18.167882919311523,18104000
20260310,PEG,83.19999694824219,83.83000183105469,82.44999694824219,83.2699966430664,2541100
20260310,PEP,160.6999969482422,162.86000061035156,159.58999633789062,160.77999877929688,5341300
20260310,PFE,26.384478894580976,26.846847926242898,26.089351242504907,26.718957901000977,42814600
20260310,PFG,89.90125871472297,90.9022560057396,88.5831147403927,88.93000030517578,1757800
20260310,PG,154.32790667166816,155.97548867908492,152.45203273050996,154.84400939941406,7756800
20260310,PGR,207.18278221070435,209.20174173022286,205.82348499720135,206.85296630859375,2996900
20260310,PH,928.411532417206,958.2840144490782,925.9071832017977,948.2467041015625,959800
20260310,PHM,126.32058960946677,126.80955228107588,123.65627368629444,124.12527465820312,2526300
20260310,PKG,221.33977963687366,224.0339598852846,218.9140268333574,220.02749633789062,951000
20260310,PLD,133.71425718497014,136.76967804320526,132.7916866231809,135.07333374023438,4050400
20260310,PLTR,155.99000549316406,156.65699768066406,150.13999938964844,151.13999938964844,47501400
20260310,PM,171.0431205785451,172.73798215486588,170.2402746950569,171.3404541015625,4903000
20260310,PNC,203.79447311655278,208.63727610127796,202.05781394780524,204.81661987304688,2707400
20260310,PNR,92.19862197279919,92.3082802870596,89.84580194434851,89.88568115234375,1538000
20260310,PNW,100.03302063212884,101.38106830933211,99.40856037258895,100.07266998291016,1903000
20260310,PODD,241.86000061035156,241.89999389648438,233.77000427246094,238.24000549316406,832200
20260310,POOL,211.80575992424866,213.1476771787847,205.2343115282457,206.1026153564453,764500
20260310,PPG,108.25420791929561,109.07883339238076,105.08486879983279,105.16435241699219,3399000
20260310,PPL,37.869998931884766,38.279998779296875,37.72999954223633,37.84000015258789,7557800
20260310,PRU,95.75,96.76000213623047,94.19000244140625,95.47000122070312,2271500
20260310,PSA,301.8078462726509,307.74738657911325,299.0459515713279,302.9066467285156,983700
20260310,PSKY,10.973261137123098,11.032952913073272,10.197273742382377,10.276862144470215,21087800
20260310,PSX,160.8323544546274,164.66453338277023,159.46229621721,161.32875061035156,3616400
20260310,PTC,163.4199981689453,164.33999633789062,157.61000061035156,159.52000427246094,850600
20260310,PWR,568.8682334149177,576.7466906732793,561.3097206316819,563.939208984375,1151400
20260310,PYPL,45.61000061035156,45.81999969482422,44.810001373291016,45.02000045776367,17575900
20260310,Q,113.45999908447266,117.16000366210938,112.58200073242188,113.97000122070312,1973300
20260310,QCOM,134.6999969482422,136.75,132.16000366210938,135.1999969482422,10447300
20260310,RCL,286.5,293.69000244140625,280.2300109863281,285.0299987792969,2888500
20260310,REG,77.4050064086914,78.11804512335661,76.80089818272853,77.4050064086914,1039300
20260310,REGN,780.5042391752964,787.5137893985699,770.1896887032914,770.878662109375,473300
20260310,RF,26.979999542236328,27.329999923706055,26.6200008392334,26.760000228881836,13793700
20260310,RJF,150.43684658808897,151.4131874286239,147.88639652194294,148.0856475830078,1487300
20260310,RL,343.08855879855514,353.10109280496374,341.39319868426327,345.22271728515625,343100
20260310,RMD,251.17308636098647,251.7812783945595,245.89877725426837,246.37734985351562,932000
20260310,ROK,384.11506121481233,384.11506121481233,372.4011964022882,372.91961669921875,925100
20260310,ROL,57.5536726154617,57.57360507950135,55.281424939144735,56.08866882324219,3734200
20260310,ROP,361.5882293854312,363.46345384406516,348.5414717996045,352.9701843261719,1247000
20260310,ROST,210.60243653665592,216.13068134871665,208.9259913373888,212.4784393310547,2562000
20260310,RSG,228.17185957425576,228.17185957425576,219.3868016987572,222.89683532714844,1313600
20260310,RTX,206.36000061035156,208.47000122070312,205.27999877929688,207.0,4140600
20260310,RVTY,91.87810445867882,92.54758640289727,88.52073091539447,90.22940063476562,990100
20260310,SATS,110.62000274658203,112.4000015258789,106.75,108.5,5992200
20260310,SBAC,193.60104338870883,195.73650419142973,191.35634146645168,192.38929748535156,1216700
20260310,SBUX,98.79096429400904,100.55064699837229,97.68743176273576,100.18280029296875,8005800
20260310,SCHW,94.06248148886078,94.28169611190549,92.25894783697609,92.83687591552734,7017500
20260310,SHW,332.45001220703125,337.2300109863281,329.260009765625,330.3299865722656,1418600
20260310,SJM,107.44734487350432,108.80230767189029,106.43854579680058,107.27921295166016,1627800
20260310,SLB,47.130001068115234,48.52000045776367,46.70000076293945,48.11000061035156,18112700
20260310,SMCI,31.850000381469727,32.380001068115234,31.559999465942383,31.790000915527344,19233100
20260310,SNA,370.48148814741825,374.07694441666075,367.46208689753973,367.49188232421875,379100
20260310,SNDK,599.22998046875,636.5800170898438,595.5599975585938,618.8900146484375,18133200
20260310,SNPS,437.0799865722656,439.010009765625,428.0,432.6499938964844,1747800
20260310,SO,95.99518051103183,96.3423048666888,95.11248962089977,95.47944641113281,4194000
20260310,SOLV,68.3499984741211,68.625,67.11000061035156,67.5999984741211,1043600
20260310,SPG,190.11000061035156,194.6699981689453,189.52000427246094,192.07000732421875,1596600
20260310,SPGI,444.2900085449219,445.0199890136719,432.0,435.44000244140625,1839400
20260310,SRE,92.4653622092227,93.58753603209672,91.92909993964652,92.32633209228516,4533200
20260310,STE,228.75,228.75,221.94000244140625,222.0800018310547,741400
20260310,STLD,181.15933280510046,183.50208833526221,179.37484704934903,181.6278839111328,794200
20260310,STT,121.92535182643822,124.13061852515347,120.54457809683849,121.73661804199219,2321700
20260310,STX,377.2718783363639,397.596439971509,377.2718783363639,383.6208190917969,3487000
20260310,STZ,147.08853884821977,150.11831007657105,146.07529558061657,149.0951385498047,1234900
20260310,SW,41.94089297083636,42.761520492394034,41.06094552254341,42.25728225708008,7375100
20260310,SWK,74.44999694824219,75.87999725341797,73.18000030517578,74.12999725341797,1325400
20260310,SWKS,55.150001525878906,55.90999984741211,53.40999984741211,54.93000030517578,3209400
20260310,SYF,67.0380031216236,67.39654899765823,64.83693447064506,65.19548034667969,4797400
20260310,SYK,363.6260675517485,363.91529349449024,356.7845942046978,357.6821594238281,1428200
20260310,SYY,83.8181159094347,84.81063359964617,83.18290519348407,83.65931701660156,2643700
20260310,T,27.363608975304455,27.65060614580902,27.16568164961191,27.42298698425293,37596500
20260310,TAP,45.779998779296875,46.130001068115234,45.15999984741211,45.869998931884766,3546200
20260310,TDG,1271.1099853515625,1274.8499755859375,1252.550048828125,1268.31005859375,214100
20260310,TDY,654.0399780273438,665.4000244140625,650.6500244140625,655.2899780273438,270100
20260310,TECH,54.5590127698547,54.76862387053866,52.672505248400164,52.722412109375,2778500
20260310,TEL,207.38999938964844,210.0,202.91000366210938,202.9499969482422,1755700
20260310,TER,294.94000244140625,309.7900085449219,294.94000244140625,300.7699890136719,2829500
20260310,TFC,46.30083970511393,47.062790272974446,45.608157027530105,46.16230392456055,6508100
20260310,TGT,118.37161621903044,121.32372786021176,117.46022888851292,119.60991668701172,4400000
20260310,TJX,156.75656942309783,162.05919346378965,155.86947558880098,159.00918579101562,5804700
20260310,TKO,205.5128071665238,210.01469135245245,204.28774232569938,204.755859375,1168200
20260310,TMO,508.4972937983981,509.43636786051786,497.448219480202,499.5860900878906,1864700
20260310,TMUS,217.1699981689453,219.16000366210938,216.0,218.77999877929688,3345500
20260310,TPL,532.2999877929688,537.0,508.3999938964844,520.760009765625,530300
20260310,TPR,145.66000366210938,151.8699951171875,144.8000030517578,148.27000427246094,2275900
20260310,TRGP,232.8406014759687,235.2485064477861,230.56205172751547,231.3083038330078,1490900
20260310,TRMB,70.44999694824219,70.7300033569336,67.91999816894531,68.98999786376953,1431200
20260310,TROW,89.3394714218095,89.57595498120757,87.72353801977857,87.83192443847656,2419400
20260310,TRV,301.2699890136719,305.57000732421875,299.9599914550781,302.44000244140625,1517000
20260310,TSCO,50.27000045776367,51.209999084472656,50.029998779296875,50.34000015258789,5806500
20260310,TSLA,402.2200012207031,406.5899963378906,398.19000244140625,399.239990234375,59258700
20260310,TSN,61.189998626708984,61.310001373291016,60.22999954223633,60.2400016784668,3429800
20260310,TT,428.0799865722656,437.5199890136719,425.9700012207031,433.6700134277344,1727500
20260310,TTD,28.6299991607666,28.6299991607666,27.1200008392334,27.65999984741211,16188600
20260310,TTWO,214.77000427246094,216.0,207.8000030517578,209.0800018310547,1877800
20260310,TXN,194.6509701881422,199.16801220690311,194.4619282760934,196.46177673339844,5929200
20260310,TXT,93.77950322885714,94.10942531087474,92.29982332401015,92.48978424072266,2160200
20260310,TYL,365.2200012207031,369.6400146484375,343.69000244140625,354.239990234375,592600
20260310,UAL,93.6500015258789,96.58000183105469,90.25,91.0999984741211,15634100
20260310,UBER,73.97000122070312,74.12000274658203,72.18000030517578,72.36000061035156,17581500
20260310,UDR,36.541716277784644,36.89725790381968,35.96889837640638,36.324440002441406,3520400
20260310,UHS,191.02999877929688,191.8800048828125,186.10000610351562,186.52999877929688,826000
20260310,ULTA,635.5700073242188,653.8800048828125,631.4500122070312,647.22998046875,619900
20260310,UNH,287.3800048828125,287.5799865722656,278.8999938964844,282.3399963378906,6075600
20260310,UNP,252.57000732421875,254.52000427246094,249.92999267578125,250.2100067138672,2320000
20260310,UPS,98.56845276969888,100.53529801500297,97.89972508617872,99.24700927734375,6255500
20260310,URI,813.729248262328,818.3796771690171,766.9658508186327,774.19091796875,1026500
20260310,USB,51.60712420756544,52.35935905799867,50.825197167884575,51.4190673828125,10461500
20260310,V,314.7774111170955,316.47390623113745,310.8056646841637,313.77947998046875,5271300
20260310,VEEV,195.4199981689453,196.52000427246094,184.55999755859375,189.69000244140625,2098400
20260310,VICI,28.939020899084873,29.229296771828658,28.791423411222787,28.840621948242188,7529400
20260310,VLO,216.00999450683594,220.91000366210938,213.8300018310547,217.02000427246094,3952900
20260310,VLTO,93.56836425764993,93.8878802996964,91.19196417104575,91.6512680053711,1673300
20260310,VMC,273.5,275.1300048828125,269.989990234375,272.0,1217000
20260310,VRSK,208.05339783830576,211.50465381875003,199.5948116398175,202.14834594726562,1706600
20260310,VRSN,239.98162114368805,241.7369615366496,235.45367263194032,237.97695922851562,579400
20260310,VRT,265.4867910846215,274.7845961375076,264.4370531721851,269.9957275390625,11306800
20260310,VRTX,482.25,507.9200134277344,477.7699890136719,499.1700134277344,3363800
20260310,VST,165.13473959789948,168.56005977960723,164.08116884375136,164.17604064941406,4148000
20260310,VTR,85.3924782405478,86.6146376589334,84.96521746954437,85.53158569335938,2249100
20260310,VTRS,14.170000076293945,14.520000457763672,14.050000190734863,14.079999923706055,8863500
20260310,VZ,49.56451324319761,50.066954465054955,49.27880952970447,49.95858383178711,20031300
20260310,WAB,247.72000122070312,252.4499969482422,245.38999938964844,246.75,808500
20260310,WAT,304.2900085449219,307.6700134277344,297.5899963378906,299.6300048828125,979500
20260310,WBD,27.739999771118164,27.950000762939453,27.690000534057617,27.760000228881836,18009100
20260310,WDAY,147.0500030517578,147.64999389648438,139.30999755859375,142.49000549316406,5230100
20260310,WDC,268.45001220703125,280.75,265.6499938964844,266.2200012207031,9668000
20260310,WEC,113.95381381112968,114.81642697336697,113.04162987506253,113.5274658203125,2950800
20260310,WELL,206.24589066072386,209.96319581815948,204.53174140277451,207.01327514648438,2818800
20260310,WFC,78.50119546742282,79.34636960117645,77.00972241165653,77.85489654541016,18481700
20260310,WM,243.65118808895244,243.6711131353479,233.78044777085208,234.60714721679688,2660100
20260310,WMB,72.5978538661498,73.94814273184316,71.99220926132058,73.31270599365234,6862600
20260310,WMT,123.7194978109023,125.60203365402064,122.86289331517725,124.62590789794922,18793600
20260310,WRB,67.79000091552734,68.47000122070312,67.44999694824219,67.86000061035156,1673700
20260310,WSM,186.4471146384488,192.81175448674588,185.2419099931617,187.64234924316406,955400
20260310,WST,240.20895724999622,242.95688617430545,228.22798165098098,233.65390014648438,1411200
20260310,WTW,293.6936217570384,294.1819884044797,288.1619934807797,288.3015441894531,569000
20260310,WY,24.260000228881836,24.350000381469727,23.940000534057617,24.18000030517578,7026600
20260310,WYNN,101.47344187062983,104.32594935812824,101.23407279465538,102.46085357666016,1879700
20260310,XEL,81.47775766860053,81.92445286210155,80.72333188275734,81.27922058105469,3644200
20260310,XOM,148.2438074071617,149.3860484370434,146.70425394729372,147.13136291503906,19617600
20260310,XYL,123.37999725341797,124.55000305175781,122.66000366210938,122.70999908447266,1690800
20260310,XYZ,66.0,66.7979965209961,64.8270034790039,65.5999984741211,5908800
20260310,YUM,158.58999633789062,161.11000061035156,157.08999633789062,159.1999969482422,1533500
20260310,ZBH,92.23951394045488,93.39637604915248,91.24222216760485,91.45165252685547,1968500
20260310,ZBRA,213.77999877929688,218.0500030517578,208.82000732421875,212.47000122070312,712600
20260310,ZTS,121.42186161362905,122.4374484993641,119.87857883883875,119.96818542480469,2994800
