ranking_date,prompt_id,strategy_slug,strategy_id,ticker,score,strategy_rank
20260626,20260517,Google__Gemini3Flash__LinearNeutral,20260517__Google__Gemini3Flash__LinearNeutral,OXY,0.11103516,1
20260626,20260517,Google__Gemini3Flash__LinearNeutral,20260517__Google__Gemini3Flash__LinearNeutral,CVX,0.11044922,2
20260626,20260517,Google__Gemini3Flash__LinearNeutral,20260517__Google__Gemini3Flash__LinearNeutral,XOM,0.10480469,3
20260626,20260517,Google__Gemini3Flash__LinearNeutral,20260517__Google__Gemini3Flash__LinearNeutral,HLT,0.1003125,4
20260626,20260517,Google__Gemini3Flash__LinearNeutral,20260517__Google__Gemini3Flash__LinearNeutral,LYB,0.09734375,5
20260626,20260517,Google__Gemini3Flash__LinearNeutral,20260517__Google__Gemini3Flash__LinearNeutral,EXPD,0.09287109,6
20260626,20260517,Google__Gemini3Flash__LinearNeutral,20260517__Google__Gemini3Flash__LinearNeutral,DOW,0.09240234,7
20260626,20260517,Google__Gemini3Flash__LinearNeutral,20260517__Google__Gemini3Flash__LinearNeutral,MAR,0.09095703,8
20260626,20260517,Google__Gemini3Flash__LinearNeutral,20260517__Google__Gemini3Flash__LinearNeutral,GOOGL,0.08875,9
20260626,20260517,Google__Gemini3Flash__LinearNeutral,20260517__Google__Gemini3Flash__LinearNeutral,GOOG,0.08804688,10
20260626,20260517,Google__Gemini3Flash__LinearNeutral,20260517__Google__Gemini3Flash__LinearNeutral,NTRS,0.08708984,11
20260626,20260517,Google__Gemini3Flash__LinearNeutral,20260517__Google__Gemini3Flash__LinearNeutral,MS,0.08707031,12
20260626,20260517,Google__Gemini3Flash__LinearNeutral,20260517__Google__Gemini3Flash__LinearNeutral,CSCO,0.08703125,13
20260626,20260517,Google__Gemini3Flash__LinearNeutral,20260517__Google__Gemini3Flash__LinearNeutral,COP,0.08574219,14
20260626,20260517,Google__Gemini3Flash__LinearNeutral,20260517__Google__Gemini3Flash__LinearNeutral,ALB,0.08546875,15
20260626,20260517,Google__Gemini3Flash__LinearNeutral,20260517__Google__Gemini3Flash__LinearNeutral,HAL,0.08544922,16
20260626,20260517,Google__Gemini3Flash__LinearNeutral,20260517__Google__Gemini3Flash__LinearNeutral,AES,0.08501953,17
20260626,20260517,Google__Gemini3Flash__LinearNeutral,20260517__Google__Gemini3Flash__LinearNeutral,HPE,0.08351562,18
20260626,20260517,Google__Gemini3Flash__LinearNeutral,20260517__Google__Gemini3Flash__LinearNeutral,BKR,0.08300781,19
20260626,20260517,Google__Gemini3Flash__LinearNeutral,20260517__Google__Gemini3Flash__LinearNeutral,ON,0.08285156,20
20260626,20260517,Google__Gemini3Flash__LinearNeutral,20260517__Google__Gemini3Flash__LinearNeutral,GS,0.08283203,21
20260626,20260517,Google__Gemini3Flash__LinearNeutral,20260517__Google__Gemini3Flash__LinearNeutral,KEYS,0.08251953,22
20260626,20260517,Google__Gemini3Flash__LinearNeutral,20260517__Google__Gemini3Flash__LinearNeutral,FANG,0.08240234,23
20260626,20260517,Google__Gemini3Flash__LinearNeutral,20260517__Google__Gemini3Flash__LinearNeutral,NUE,0.08126953,24
20260626,20260517,Google__Gemini3Flash__LinearNeutral,20260517__Google__Gemini3Flash__LinearNeutral,NXPI,0.08125,25
20260626,20260517,Google__Gemini3Flash__LinearNeutral,20260517__Google__Gemini3Flash__LinearNeutral,FSLR,0.08085937,26
20260626,20260517,Google__Gemini3Flash__LinearNeutral,20260517__Google__Gemini3Flash__LinearNeutral,APA,0.08050781,27
20260626,20260517,Google__Gemini3Flash__LinearNeutral,20260517__Google__Gemini3Flash__LinearNeutral,IBKR,0.08039062,28
20260626,20260517,Google__Gemini3Flash__LinearNeutral,20260517__Google__Gemini3Flash__LinearNeutral,WAB,0.08035156,29
20260626,20260517,Google__Gemini3Flash__LinearNeutral,20260517__Google__Gemini3Flash__LinearNeutral,ROST,0.07986328,30
20260626,20260517,Google__Gemini3Flash__LinearNeutral,20260517__Google__Gemini3Flash__LinearNeutral,QCOM,0.07939453,31
20260626,20260517,Google__Gemini3Flash__LinearNeutral,20260517__Google__Gemini3Flash__LinearNeutral,NVDA,0.07933594,32
20260626,20260517,Google__Gemini3Flash__LinearNeutral,20260517__Google__Gemini3Flash__LinearNeutral,APD,0.07873047,33
20260626,20260517,Google__Gemini3Flash__LinearNeutral,20260517__Google__Gemini3Flash__LinearNeutral,LITE,0.07845703,34
20260626,20260517,Google__Gemini3Flash__LinearNeutral,20260517__Google__Gemini3Flash__LinearNeutral,ADI,0.07820313,35
20260626,20260517,Google__Gemini3Flash__LinearNeutral,20260517__Google__Gemini3Flash__LinearNeutral,WBD,0.07773438,36
20260626,20260517,Google__Gemini3Flash__LinearNeutral,20260517__Google__Gemini3Flash__LinearNeutral,MPWR,0.07736328,37
20260626,20260517,Google__Gemini3Flash__LinearNeutral,20260517__Google__Gemini3Flash__LinearNeutral,EBAY,0.07675781,38
20260626,20260517,Google__Gemini3Flash__LinearNeutral,20260517__Google__Gemini3Flash__LinearNeutral,AVGO,0.07666016,39
20260626,20260517,Google__Gemini3Flash__LinearNeutral,20260517__Google__Gemini3Flash__LinearNeutral,STLD,0.07646484,40
20260626,20260517,Google__Gemini3Flash__LinearNeutral,20260517__Google__Gemini3Flash__LinearNeutral,TXN,0.07636719,41
20260626,20260517,Google__Gemini3Flash__LinearNeutral,20260517__Google__Gemini3Flash__LinearNeutral,STX,0.07539063,42
20260626,20260517,Google__Gemini3Flash__LinearNeutral,20260517__Google__Gemini3Flash__LinearNeutral,BG,0.07527344,43
20260626,20260517,Google__Gemini3Flash__LinearNeutral,20260517__Google__Gemini3Flash__LinearNeutral,ANET,0.07402344,44
20260626,20260517,Google__Gemini3Flash__LinearNeutral,20260517__Google__Gemini3Flash__LinearNeutral,EME,0.07400391,45
20260626,20260517,Google__Gemini3Flash__LinearNeutral,20260517__Google__Gemini3Flash__LinearNeutral,C,0.07355469,46
20260626,20260517,Google__Gemini3Flash__LinearNeutral,20260517__Google__Gemini3Flash__LinearNeutral,EA,0.07353516,47
20260626,20260517,Google__Gemini3Flash__LinearNeutral,20260517__Google__Gemini3Flash__LinearNeutral,LIN,0.07347656,48
20260626,20260517,Google__Gemini3Flash__LinearNeutral,20260517__Google__Gemini3Flash__LinearNeutral,GRMN,0.0721875,49
20260626,20260517,Google__Gemini3Flash__LinearNeutral,20260517__Google__Gemini3Flash__LinearNeutral,GWW,0.07199219,50
20260626,20260517,Google__Gemini3Flash__LinearNeutral,20260517__Google__Gemini3Flash__LinearNeutral,MCHP,0.07136719,51
20260626,20260517,Google__Gemini3Flash__LinearNeutral,20260517__Google__Gemini3Flash__LinearNeutral,D,0.07126953,52
20260626,20260517,Google__Gemini3Flash__LinearNeutral,20260517__Google__Gemini3Flash__LinearNeutral,STT,0.07039063,53
20260626,20260517,Google__Gemini3Flash__LinearNeutral,20260517__Google__Gemini3Flash__LinearNeutral,AME,0.07019531,54
20260626,20260517,Google__Gemini3Flash__LinearNeutral,20260517__Google__Gemini3Flash__LinearNeutral,HST,0.07017578,55
20260626,20260517,Google__Gemini3Flash__LinearNeutral,20260517__Google__Gemini3Flash__LinearNeutral,WMT,0.06962891,56
20260626,20260517,Google__Gemini3Flash__LinearNeutral,20260517__Google__Gemini3Flash__LinearNeutral,EQR,0.06949219,57
20260626,20260517,Google__Gemini3Flash__LinearNeutral,20260517__Google__Gemini3Flash__LinearNeutral,CHRW,0.06876953,58
20260626,20260517,Google__Gemini3Flash__LinearNeutral,20260517__Google__Gemini3Flash__LinearNeutral,WDC,0.06808594,59
20260626,20260517,Google__Gemini3Flash__LinearNeutral,20260517__Google__Gemini3Flash__LinearNeutral,SATS,0.06697266,60
20260626,20260517,Google__Gemini3Flash__LinearNeutral,20260517__Google__Gemini3Flash__LinearNeutral,VRT,0.06685547,61
20260626,20260517,Google__Gemini3Flash__LinearNeutral,20260517__Google__Gemini3Flash__LinearNeutral,FIX,0.06595703,62
20260626,20260517,Google__Gemini3Flash__LinearNeutral,20260517__Google__Gemini3Flash__LinearNeutral,FRT,0.06570313,63
20260626,20260517,Google__Gemini3Flash__LinearNeutral,20260517__Google__Gemini3Flash__LinearNeutral,SLB,0.06548828,64
20260626,20260517,Google__Gemini3Flash__LinearNeutral,20260517__Google__Gemini3Flash__LinearNeutral,COHR,0.0653125,65
20260626,20260517,Google__Gemini3Flash__LinearNeutral,20260517__Google__Gemini3Flash__LinearNeutral,PLD,0.06445313,66
20260626,20260517,Google__Gemini3Flash__LinearNeutral,20260517__Google__Gemini3Flash__LinearNeutral,MDLZ,0.06425781,67
20260626,20260517,Google__Gemini3Flash__LinearNeutral,20260517__Google__Gemini3Flash__LinearNeutral,SNA,0.06384766,68
20260626,20260517,Google__Gemini3Flash__LinearNeutral,20260517__Google__Gemini3Flash__LinearNeutral,AVB,0.06375,69
20260626,20260517,Google__Gemini3Flash__LinearNeutral,20260517__Google__Gemini3Flash__LinearNeutral,JBL,0.06351563,70
20260626,20260517,Google__Gemini3Flash__LinearNeutral,20260517__Google__Gemini3Flash__LinearNeutral,TDY,0.06341797,71
20260626,20260517,Google__Gemini3Flash__LinearNeutral,20260517__Google__Gemini3Flash__LinearNeutral,DVN,0.063125,72
20260626,20260517,Google__Gemini3Flash__LinearNeutral,20260517__Google__Gemini3Flash__LinearNeutral,NDSN,0.06259766,73
20260626,20260517,Google__Gemini3Flash__LinearNeutral,20260517__Google__Gemini3Flash__LinearNeutral,BLK,0.06244141,74
20260626,20260517,Google__Gemini3Flash__LinearNeutral,20260517__Google__Gemini3Flash__LinearNeutral,EOG,0.06242187,75
20260626,20260517,Google__Gemini3Flash__LinearNeutral,20260517__Google__Gemini3Flash__LinearNeutral,KLAC,0.06177734,76
20260626,20260517,Google__Gemini3Flash__LinearNeutral,20260517__Google__Gemini3Flash__LinearNeutral,CMI,0.06162109,77
20260626,20260517,Google__Gemini3Flash__LinearNeutral,20260517__Google__Gemini3Flash__LinearNeutral,IEX,0.06117188,78
20260626,20260517,Google__Gemini3Flash__LinearNeutral,20260517__Google__Gemini3Flash__LinearNeutral,JCI,0.06083984,79
20260626,20260517,Google__Gemini3Flash__LinearNeutral,20260517__Google__Gemini3Flash__LinearNeutral,ETN,0.06048828,80
20260626,20260517,Google__Gemini3Flash__LinearNeutral,20260517__Google__Gemini3Flash__LinearNeutral,AKAM,0.06041016,81
20260626,20260517,Google__Gemini3Flash__LinearNeutral,20260517__Google__Gemini3Flash__LinearNeutral,NTAP,0.06027344,82
20260626,20260517,Google__Gemini3Flash__LinearNeutral,20260517__Google__Gemini3Flash__LinearNeutral,CME,0.05986328,83
20260626,20260517,Google__Gemini3Flash__LinearNeutral,20260517__Google__Gemini3Flash__LinearNeutral,PWR,0.05976562,84
20260626,20260517,Google__Gemini3Flash__LinearNeutral,20260517__Google__Gemini3Flash__LinearNeutral,TEL,0.05949219,85
20260626,20260517,Google__Gemini3Flash__LinearNeutral,20260517__Google__Gemini3Flash__LinearNeutral,DELL,0.05945312,86
20260626,20260517,Google__Gemini3Flash__LinearNeutral,20260517__Google__Gemini3Flash__LinearNeutral,DOV,0.059375,87
20260626,20260517,Google__Gemini3Flash__LinearNeutral,20260517__Google__Gemini3Flash__LinearNeutral,ODFL,0.05935547,88
20260626,20260517,Google__Gemini3Flash__LinearNeutral,20260517__Google__Gemini3Flash__LinearNeutral,ITW,0.05927734,89
20260626,20260517,Google__Gemini3Flash__LinearNeutral,20260517__Google__Gemini3Flash__LinearNeutral,FDX,0.05921875,90
20260626,20260517,Google__Gemini3Flash__LinearNeutral,20260517__Google__Gemini3Flash__LinearNeutral,EQIX,0.05898437,91
20260626,20260517,Google__Gemini3Flash__LinearNeutral,20260517__Google__Gemini3Flash__LinearNeutral,TJX,0.05855469,92
20260626,20260517,Google__Gemini3Flash__LinearNeutral,20260517__Google__Gemini3Flash__LinearNeutral,KEY,0.05785156,93
20260626,20260517,Google__Gemini3Flash__LinearNeutral,20260517__Google__Gemini3Flash__LinearNeutral,HAS,0.05746094,94
20260626,20260517,Google__Gemini3Flash__LinearNeutral,20260517__Google__Gemini3Flash__LinearNeutral,FCX,0.05716797,95
20260626,20260517,Google__Gemini3Flash__LinearNeutral,20260517__Google__Gemini3Flash__LinearNeutral,PSX,0.05673828,96
20260626,20260517,Google__Gemini3Flash__LinearNeutral,20260517__Google__Gemini3Flash__LinearNeutral,MMM,0.05671875,97
20260626,20260517,Google__Gemini3Flash__LinearNeutral,20260517__Google__Gemini3Flash__LinearNeutral,FTV,0.05660156,98
20260626,20260517,Google__Gemini3Flash__LinearNeutral,20260517__Google__Gemini3Flash__LinearNeutral,GM,0.05595703,99
20260626,20260517,Google__Gemini3Flash__LinearNeutral,20260517__Google__Gemini3Flash__LinearNeutral,CASY,0.055625,100
20260626,20260517,Google__Gemini3Flash__LinearNeutral,20260517__Google__Gemini3Flash__LinearNeutral,EL,0.05441406,101
20260626,20260517,Google__Gemini3Flash__LinearNeutral,20260517__Google__Gemini3Flash__LinearNeutral,AMD,0.05402344,102
20260626,20260517,Google__Gemini3Flash__LinearNeutral,20260517__Google__Gemini3Flash__LinearNeutral,EMR,0.05400391,103
20260626,20260517,Google__Gemini3Flash__LinearNeutral,20260517__Google__Gemini3Flash__LinearNeutral,ADM,0.05378906,104
20260626,20260517,Google__Gemini3Flash__LinearNeutral,20260517__Google__Gemini3Flash__LinearNeutral,SWKS,0.05300781,105
20260626,20260517,Google__Gemini3Flash__LinearNeutral,20260517__Google__Gemini3Flash__LinearNeutral,RJF,0.05246094,106
20260626,20260517,Google__Gemini3Flash__LinearNeutral,20260517__Google__Gemini3Flash__LinearNeutral,WFC,0.05228516,107
20260626,20260517,Google__Gemini3Flash__LinearNeutral,20260517__Google__Gemini3Flash__LinearNeutral,CSX,0.05203125,108
20260626,20260517,Google__Gemini3Flash__LinearNeutral,20260517__Google__Gemini3Flash__LinearNeutral,JPM,0.05203125,109
20260626,20260517,Google__Gemini3Flash__LinearNeutral,20260517__Google__Gemini3Flash__LinearNeutral,CBOE,0.05134766,110
20260626,20260517,Google__Gemini3Flash__LinearNeutral,20260517__Google__Gemini3Flash__LinearNeutral,BNY,0.05030273,111
20260626,20260517,Google__Gemini3Flash__LinearNeutral,20260517__Google__Gemini3Flash__LinearNeutral,OTIS,0.04992188,112
20260626,20260517,Google__Gemini3Flash__LinearNeutral,20260517__Google__Gemini3Flash__LinearNeutral,APO,0.04951172,113
20260626,20260517,Google__Gemini3Flash__LinearNeutral,20260517__Google__Gemini3Flash__LinearNeutral,NSC,0.04845703,114
20260626,20260517,Google__Gemini3Flash__LinearNeutral,20260517__Google__Gemini3Flash__LinearNeutral,HWM,0.04818359,115
20260626,20260517,Google__Gemini3Flash__LinearNeutral,20260517__Google__Gemini3Flash__LinearNeutral,NOC,0.04697266,116
20260626,20260517,Google__Gemini3Flash__LinearNeutral,20260517__Google__Gemini3Flash__LinearNeutral,CAG,0.04628906,117
20260626,20260517,Google__Gemini3Flash__LinearNeutral,20260517__Google__Gemini3Flash__LinearNeutral,TT,0.04619141,118
20260626,20260517,Google__Gemini3Flash__LinearNeutral,20260517__Google__Gemini3Flash__LinearNeutral,ICE,0.0453125,119
20260626,20260517,Google__Gemini3Flash__LinearNeutral,20260517__Google__Gemini3Flash__LinearNeutral,ORCL,0.04503906,120
20260626,20260517,Google__Gemini3Flash__LinearNeutral,20260517__Google__Gemini3Flash__LinearNeutral,PEP,0.04501953,121
20260626,20260517,Google__Gemini3Flash__LinearNeutral,20260517__Google__Gemini3Flash__LinearNeutral,BAC,0.04496094,122
20260626,20260517,Google__Gemini3Flash__LinearNeutral,20260517__Google__Gemini3Flash__LinearNeutral,GNRC,0.04412109,123
20260626,20260517,Google__Gemini3Flash__LinearNeutral,20260517__Google__Gemini3Flash__LinearNeutral,UPS,0.0440625,124
20260626,20260517,Google__Gemini3Flash__LinearNeutral,20260517__Google__Gemini3Flash__LinearNeutral,GD,0.04380859,125
20260626,20260517,Google__Gemini3Flash__LinearNeutral,20260517__Google__Gemini3Flash__LinearNeutral,AMP,0.04318359,126
20260626,20260517,Google__Gemini3Flash__LinearNeutral,20260517__Google__Gemini3Flash__LinearNeutral,ETR,0.04259766,127
20260626,20260517,Google__Gemini3Flash__LinearNeutral,20260517__Google__Gemini3Flash__LinearNeutral,APTV,0.04244141,128
20260626,20260517,Google__Gemini3Flash__LinearNeutral,20260517__Google__Gemini3Flash__LinearNeutral,SNDK,0.04242188,129
20260626,20260517,Google__Gemini3Flash__LinearNeutral,20260517__Google__Gemini3Flash__LinearNeutral,EPAM,0.04207031,130
20260626,20260517,Google__Gemini3Flash__LinearNeutral,20260517__Google__Gemini3Flash__LinearNeutral,CPB,0.04201172,131
20260626,20260517,Google__Gemini3Flash__LinearNeutral,20260517__Google__Gemini3Flash__LinearNeutral,BA,0.04195313,132
20260626,20260517,Google__Gemini3Flash__LinearNeutral,20260517__Google__Gemini3Flash__LinearNeutral,PH,0.04171875,133
20260626,20260517,Google__Gemini3Flash__LinearNeutral,20260517__Google__Gemini3Flash__LinearNeutral,CF,0.04150391,134
20260626,20260517,Google__Gemini3Flash__LinearNeutral,20260517__Google__Gemini3Flash__LinearNeutral,F,0.04150391,135
20260626,20260517,Google__Gemini3Flash__LinearNeutral,20260517__Google__Gemini3Flash__LinearNeutral,GEV,0.04144531,136
20260626,20260517,Google__Gemini3Flash__LinearNeutral,20260517__Google__Gemini3Flash__LinearNeutral,POOL,0.04119141,137
20260626,20260517,Google__Gemini3Flash__LinearNeutral,20260517__Google__Gemini3Flash__LinearNeutral,CVNA,0.04109375,138
20260626,20260517,Google__Gemini3Flash__LinearNeutral,20260517__Google__Gemini3Flash__LinearNeutral,HUBB,0.04101562,139
20260626,20260517,Google__Gemini3Flash__LinearNeutral,20260517__Google__Gemini3Flash__LinearNeutral,PG,0.04033203,140
20260626,20260517,Google__Gemini3Flash__LinearNeutral,20260517__Google__Gemini3Flash__LinearNeutral,ARES,0.04027344,141
20260626,20260517,Google__Gemini3Flash__LinearNeutral,20260517__Google__Gemini3Flash__LinearNeutral,ZTS,0.04007813,142
20260626,20260517,Google__Gemini3Flash__LinearNeutral,20260517__Google__Gemini3Flash__LinearNeutral,UNP,0.03990234,143
20260626,20260517,Google__Gemini3Flash__LinearNeutral,20260517__Google__Gemini3Flash__LinearNeutral,INTC,0.03960937,144
20260626,20260517,Google__Gemini3Flash__LinearNeutral,20260517__Google__Gemini3Flash__LinearNeutral,Q,0.03930664,145
20260626,20260517,Google__Gemini3Flash__LinearNeutral,20260517__Google__Gemini3Flash__LinearNeutral,TRGP,0.03919922,146
20260626,20260517,Google__Gemini3Flash__LinearNeutral,20260517__Google__Gemini3Flash__LinearNeutral,ATO,0.03810547,147
20260626,20260517,Google__Gemini3Flash__LinearNeutral,20260517__Google__Gemini3Flash__LinearNeutral,NEE,0.03724609,148
20260626,20260517,Google__Gemini3Flash__LinearNeutral,20260517__Google__Gemini3Flash__LinearNeutral,COST,0.036875,149
20260626,20260517,Google__Gemini3Flash__LinearNeutral,20260517__Google__Gemini3Flash__LinearNeutral,CFG,0.03681641,150
20260626,20260517,Google__Gemini3Flash__LinearNeutral,20260517__Google__Gemini3Flash__LinearNeutral,FE,0.03621094,151
20260626,20260517,Google__Gemini3Flash__LinearNeutral,20260517__Google__Gemini3Flash__LinearNeutral,EXE,0.03552734,152
20260626,20260517,Google__Gemini3Flash__LinearNeutral,20260517__Google__Gemini3Flash__LinearNeutral,SMCI,0.03509766,153
20260626,20260517,Google__Gemini3Flash__LinearNeutral,20260517__Google__Gemini3Flash__LinearNeutral,AIZ,0.03496094,154
20260626,20260517,Google__Gemini3Flash__LinearNeutral,20260517__Google__Gemini3Flash__LinearNeutral,KMI,0.03480469,155
20260626,20260517,Google__Gemini3Flash__LinearNeutral,20260517__Google__Gemini3Flash__LinearNeutral,LMT,0.03427734,156
20260626,20260517,Google__Gemini3Flash__LinearNeutral,20260517__Google__Gemini3Flash__LinearNeutral,HPQ,0.03384766,157
20260626,20260517,Google__Gemini3Flash__LinearNeutral,20260517__Google__Gemini3Flash__LinearNeutral,VZ,0.03337891,158
20260626,20260517,Google__Gemini3Flash__LinearNeutral,20260517__Google__Gemini3Flash__LinearNeutral,APH,0.03310547,159
20260626,20260517,Google__Gemini3Flash__LinearNeutral,20260517__Google__Gemini3Flash__LinearNeutral,MCK,0.03263672,160
20260626,20260517,Google__Gemini3Flash__LinearNeutral,20260517__Google__Gemini3Flash__LinearNeutral,OKE,0.03240234,161
20260626,20260517,Google__Gemini3Flash__LinearNeutral,20260517__Google__Gemini3Flash__LinearNeutral,DIS,0.03228516,162
20260626,20260517,Google__Gemini3Flash__LinearNeutral,20260517__Google__Gemini3Flash__LinearNeutral,FAST,0.03130859,163
20260626,20260517,Google__Gemini3Flash__LinearNeutral,20260517__Google__Gemini3Flash__LinearNeutral,IDXX,0.03123047,164
20260626,20260517,Google__Gemini3Flash__LinearNeutral,20260517__Google__Gemini3Flash__LinearNeutral,NEM,0.03085938,165
20260626,20260517,Google__Gemini3Flash__LinearNeutral,20260517__Google__Gemini3Flash__LinearNeutral,WY,0.03080078,166
20260626,20260517,Google__Gemini3Flash__LinearNeutral,20260517__Google__Gemini3Flash__LinearNeutral,KKR,0.03070313,167
20260626,20260517,Google__Gemini3Flash__LinearNeutral,20260517__Google__Gemini3Flash__LinearNeutral,CAT,0.02931641,168
20260626,20260517,Google__Gemini3Flash__LinearNeutral,20260517__Google__Gemini3Flash__LinearNeutral,LRCX,0.02917969,169
20260626,20260517,Google__Gemini3Flash__LinearNeutral,20260517__Google__Gemini3Flash__LinearNeutral,MPC,0.02859375,170
20260626,20260517,Google__Gemini3Flash__LinearNeutral,20260517__Google__Gemini3Flash__LinearNeutral,IVZ,0.02859375,171
20260626,20260517,Google__Gemini3Flash__LinearNeutral,20260517__Google__Gemini3Flash__LinearNeutral,ROK,0.02841797,172
20260626,20260517,Google__Gemini3Flash__LinearNeutral,20260517__Google__Gemini3Flash__LinearNeutral,BSX,0.0278125,173
20260626,20260517,Google__Gemini3Flash__LinearNeutral,20260517__Google__Gemini3Flash__LinearNeutral,EVRG,0.02740234,174
20260626,20260517,Google__Gemini3Flash__LinearNeutral,20260517__Google__Gemini3Flash__LinearNeutral,CI,0.02734375,175
20260626,20260517,Google__Gemini3Flash__LinearNeutral,20260517__Google__Gemini3Flash__LinearNeutral,CEG,0.02703125,176
20260626,20260517,Google__Gemini3Flash__LinearNeutral,20260517__Google__Gemini3Flash__LinearNeutral,AXP,0.02703125,177
20260626,20260517,Google__Gemini3Flash__LinearNeutral,20260517__Google__Gemini3Flash__LinearNeutral,CVS,0.026875,178
20260626,20260517,Google__Gemini3Flash__LinearNeutral,20260517__Google__Gemini3Flash__LinearNeutral,PSA,0.02681641,179
20260626,20260517,Google__Gemini3Flash__LinearNeutral,20260517__Google__Gemini3Flash__LinearNeutral,DUK,0.02679688,180
20260626,20260517,Google__Gemini3Flash__LinearNeutral,20260517__Google__Gemini3Flash__LinearNeutral,PFE,0.02605469,181
20260626,20260517,Google__Gemini3Flash__LinearNeutral,20260517__Google__Gemini3Flash__LinearNeutral,PCAR,0.02568359,182
20260626,20260517,Google__Gemini3Flash__LinearNeutral,20260517__Google__Gemini3Flash__LinearNeutral,EIX,0.025,183
20260626,20260517,Google__Gemini3Flash__LinearNeutral,20260517__Google__Gemini3Flash__LinearNeutral,URI,0.02480469,184
20260626,20260517,Google__Gemini3Flash__LinearNeutral,20260517__Google__Gemini3Flash__LinearNeutral,NKE,0.02460938,185
20260626,20260517,Google__Gemini3Flash__LinearNeutral,20260517__Google__Gemini3Flash__LinearNeutral,PRU,0.02347656,186
20260626,20260517,Google__Gemini3Flash__LinearNeutral,20260517__Google__Gemini3Flash__LinearNeutral,DLR,0.02279297,187
20260626,20260517,Google__Gemini3Flash__LinearNeutral,20260517__Google__Gemini3Flash__LinearNeutral,FLEX,0.02273438,188
20260626,20260517,Google__Gemini3Flash__LinearNeutral,20260517__Google__Gemini3Flash__LinearNeutral,PPL,0.02265625,189
20260626,20260517,Google__Gemini3Flash__LinearNeutral,20260517__Google__Gemini3Flash__LinearNeutral,LHX,0.02253906,190
20260626,20260517,Google__Gemini3Flash__LinearNeutral,20260517__Google__Gemini3Flash__LinearNeutral,MRVL,0.02236328,191
20260626,20260517,Google__Gemini3Flash__LinearNeutral,20260517__Google__Gemini3Flash__LinearNeutral,RF,0.02234375,192
20260626,20260517,Google__Gemini3Flash__LinearNeutral,20260517__Google__Gemini3Flash__LinearNeutral,MLM,0.02189453,193
20260626,20260517,Google__Gemini3Flash__LinearNeutral,20260517__Google__Gemini3Flash__LinearNeutral,BK,0.02186523,194
20260626,20260517,Google__Gemini3Flash__LinearNeutral,20260517__Google__Gemini3Flash__LinearNeutral,MTB,0.02166016,195
20260626,20260517,Google__Gemini3Flash__LinearNeutral,20260517__Google__Gemini3Flash__LinearNeutral,MSI,0.02148438,196
20260626,20260517,Google__Gemini3Flash__LinearNeutral,20260517__Google__Gemini3Flash__LinearNeutral,HII,0.02123047,197
20260626,20260517,Google__Gemini3Flash__LinearNeutral,20260517__Google__Gemini3Flash__LinearNeutral,MU,0.02121094,198
20260626,20260517,Google__Gemini3Flash__LinearNeutral,20260517__Google__Gemini3Flash__LinearNeutral,TER,0.02103516,199
20260626,20260517,Google__Gemini3Flash__LinearNeutral,20260517__Google__Gemini3Flash__LinearNeutral,EXR,0.02046875,200
20260626,20260517,Google__Gemini3Flash__LinearNeutral,20260517__Google__Gemini3Flash__LinearNeutral,PFG,0.02033203,201
20260626,20260517,Google__Gemini3Flash__LinearNeutral,20260517__Google__Gemini3Flash__LinearNeutral,PM,0.02019531,202
20260626,20260517,Google__Gemini3Flash__LinearNeutral,20260517__Google__Gemini3Flash__LinearNeutral,USB,0.02015625,203
20260626,20260517,Google__Gemini3Flash__LinearNeutral,20260517__Google__Gemini3Flash__LinearNeutral,DE,0.01988281,204
20260626,20260517,Google__Gemini3Flash__LinearNeutral,20260517__Google__Gemini3Flash__LinearNeutral,CARR,0.01964844,205
20260626,20260517,Google__Gemini3Flash__LinearNeutral,20260517__Google__Gemini3Flash__LinearNeutral,XEL,0.01910156,206
20260626,20260517,Google__Gemini3Flash__LinearNeutral,20260517__Google__Gemini3Flash__LinearNeutral,TPR,0.01896484,207
20260626,20260517,Google__Gemini3Flash__LinearNeutral,20260517__Google__Gemini3Flash__LinearNeutral,DTE,0.01785156,208
20260626,20260517,Google__Gemini3Flash__LinearNeutral,20260517__Google__Gemini3Flash__LinearNeutral,SRE,0.01763672,209
20260626,20260517,Google__Gemini3Flash__LinearNeutral,20260517__Google__Gemini3Flash__LinearNeutral,PNC,0.01716797,210
20260626,20260517,Google__Gemini3Flash__LinearNeutral,20260517__Google__Gemini3Flash__LinearNeutral,MSCI,0.01693359,211
20260626,20260517,Google__Gemini3Flash__LinearNeutral,20260517__Google__Gemini3Flash__LinearNeutral,PNW,0.01615234,212
20260626,20260517,Google__Gemini3Flash__LinearNeutral,20260517__Google__Gemini3Flash__LinearNeutral,OMC,0.0159375,213
20260626,20260517,Google__Gemini3Flash__LinearNeutral,20260517__Google__Gemini3Flash__LinearNeutral,MCD,0.01556641,214
20260626,20260517,Google__Gemini3Flash__LinearNeutral,20260517__Google__Gemini3Flash__LinearNeutral,MO,0.01552734,215
20260626,20260517,Google__Gemini3Flash__LinearNeutral,20260517__Google__Gemini3Flash__LinearNeutral,TSLA,0.01541016,216
20260626,20260517,Google__Gemini3Flash__LinearNeutral,20260517__Google__Gemini3Flash__LinearNeutral,DD,0.01480469,217
20260626,20260517,Google__Gemini3Flash__LinearNeutral,20260517__Google__Gemini3Flash__LinearNeutral,EXC,0.01447266,218
20260626,20260517,Google__Gemini3Flash__LinearNeutral,20260517__Google__Gemini3Flash__LinearNeutral,BEN,0.01404297,219
20260626,20260517,Google__Gemini3Flash__LinearNeutral,20260517__Google__Gemini3Flash__LinearNeutral,DRI,0.01394531,220
20260626,20260517,Google__Gemini3Flash__LinearNeutral,20260517__Google__Gemini3Flash__LinearNeutral,HBAN,0.01371094,221
20260626,20260517,Google__Gemini3Flash__LinearNeutral,20260517__Google__Gemini3Flash__LinearNeutral,ROL,0.01320312,222
20260626,20260517,Google__Gemini3Flash__LinearNeutral,20260517__Google__Gemini3Flash__LinearNeutral,FFIV,0.01308594,223
20260626,20260517,Google__Gemini3Flash__LinearNeutral,20260517__Google__Gemini3Flash__LinearNeutral,MET,0.0128125,224
20260626,20260517,Google__Gemini3Flash__LinearNeutral,20260517__Google__Gemini3Flash__LinearNeutral,SCHW,0.01273438,225
20260626,20260517,Google__Gemini3Flash__LinearNeutral,20260517__Google__Gemini3Flash__LinearNeutral,SNPS,0.01255859,226
20260626,20260517,Google__Gemini3Flash__LinearNeutral,20260517__Google__Gemini3Flash__LinearNeutral,WAT,0.01246094,227
20260626,20260517,Google__Gemini3Flash__LinearNeutral,20260517__Google__Gemini3Flash__LinearNeutral,COR,0.01210937,228
20260626,20260517,Google__Gemini3Flash__LinearNeutral,20260517__Google__Gemini3Flash__LinearNeutral,XYL,0.01162109,229
20260626,20260517,Google__Gemini3Flash__LinearNeutral,20260517__Google__Gemini3Flash__LinearNeutral,TDG,0.01115234,230
20260626,20260517,Google__Gemini3Flash__LinearNeutral,20260517__Google__Gemini3Flash__LinearNeutral,O,0.01105469,231
20260626,20260517,Google__Gemini3Flash__LinearNeutral,20260517__Google__Gemini3Flash__LinearNeutral,TMUS,0.01052734,232
20260626,20260517,Google__Gemini3Flash__LinearNeutral,20260517__Google__Gemini3Flash__LinearNeutral,JBHT,0.01037109,233
20260626,20260517,Google__Gemini3Flash__LinearNeutral,20260517__Google__Gemini3Flash__LinearNeutral,WYNN,0.01017578,234
20260626,20260517,Google__Gemini3Flash__LinearNeutral,20260517__Google__Gemini3Flash__LinearNeutral,ED,0.01013672,235
20260626,20260517,Google__Gemini3Flash__LinearNeutral,20260517__Google__Gemini3Flash__LinearNeutral,RTX,0.00976562,236
20260626,20260517,Google__Gemini3Flash__LinearNeutral,20260517__Google__Gemini3Flash__LinearNeutral,RL,0.00964844,237
20260626,20260517,Google__Gemini3Flash__LinearNeutral,20260517__Google__Gemini3Flash__LinearNeutral,GE,0.00955078,238
20260626,20260517,Google__Gemini3Flash__LinearNeutral,20260517__Google__Gemini3Flash__LinearNeutral,KR,0.00947266,239
20260626,20260517,Google__Gemini3Flash__LinearNeutral,20260517__Google__Gemini3Flash__LinearNeutral,CL,0.00931641,240
20260626,20260517,Google__Gemini3Flash__LinearNeutral,20260517__Google__Gemini3Flash__LinearNeutral,FERG,0.00917969,241
20260626,20260517,Google__Gemini3Flash__LinearNeutral,20260517__Google__Gemini3Flash__LinearNeutral,LOW,0.00894531,242
20260626,20260517,Google__Gemini3Flash__LinearNeutral,20260517__Google__Gemini3Flash__LinearNeutral,TFC,0.00857422,243
20260626,20260517,Google__Gemini3Flash__LinearNeutral,20260517__Google__Gemini3Flash__LinearNeutral,LVS,0.00855469,244
20260626,20260517,Google__Gemini3Flash__LinearNeutral,20260517__Google__Gemini3Flash__LinearNeutral,PKG,0.00816406,245
20260626,20260517,Google__Gemini3Flash__LinearNeutral,20260517__Google__Gemini3Flash__LinearNeutral,AIG,0.00791016,246
20260626,20260517,Google__Gemini3Flash__LinearNeutral,20260517__Google__Gemini3Flash__LinearNeutral,AMAT,0.00759766,247
20260626,20260517,Google__Gemini3Flash__LinearNeutral,20260517__Google__Gemini3Flash__LinearNeutral,VST,0.00732422,248
20260626,20260517,Google__Gemini3Flash__LinearNeutral,20260517__Google__Gemini3Flash__LinearNeutral,MNST,0.00720703,249
20260626,20260517,Google__Gemini3Flash__LinearNeutral,20260517__Google__Gemini3Flash__LinearNeutral,CRH,0.00697266,250
20260626,20260517,Google__Gemini3Flash__LinearNeutral,20260517__Google__Gemini3Flash__LinearNeutral,LNT,0.00677734,251
20260626,20260517,Google__Gemini3Flash__LinearNeutral,20260517__Google__Gemini3Flash__LinearNeutral,AFL,0.00648437,252
20260626,20260517,Google__Gemini3Flash__LinearNeutral,20260517__Google__Gemini3Flash__LinearNeutral,WMB,0.00638672,253
20260626,20260517,Google__Gemini3Flash__LinearNeutral,20260517__Google__Gemini3Flash__LinearNeutral,NWS,0.00609375,254
20260626,20260517,Google__Gemini3Flash__LinearNeutral,20260517__Google__Gemini3Flash__LinearNeutral,IRM,0.00585937,255
20260626,20260517,Google__Gemini3Flash__LinearNeutral,20260517__Google__Gemini3Flash__LinearNeutral,FDXF,0.00578125,256
20260626,20260517,Google__Gemini3Flash__LinearNeutral,20260517__Google__Gemini3Flash__LinearNeutral,IFF,0.00572266,257
20260626,20260517,Google__Gemini3Flash__LinearNeutral,20260517__Google__Gemini3Flash__LinearNeutral,SO,0.005625,258
20260626,20260517,Google__Gemini3Flash__LinearNeutral,20260517__Google__Gemini3Flash__LinearNeutral,VTRS,0.00537109,259
20260626,20260517,Google__Gemini3Flash__LinearNeutral,20260517__Google__Gemini3Flash__LinearNeutral,KIM,0.00533203,260
20260626,20260517,Google__Gemini3Flash__LinearNeutral,20260517__Google__Gemini3Flash__LinearNeutral,PEG,0.00478516,261
20260626,20260517,Google__Gemini3Flash__LinearNeutral,20260517__Google__Gemini3Flash__LinearNeutral,VRSN,0.00414062,262
20260626,20260517,Google__Gemini3Flash__LinearNeutral,20260517__Google__Gemini3Flash__LinearNeutral,SBAC,0.00400391,263
20260626,20260517,Google__Gemini3Flash__LinearNeutral,20260517__Google__Gemini3Flash__LinearNeutral,SPG,0.00378906,264
20260626,20260517,Google__Gemini3Flash__LinearNeutral,20260517__Google__Gemini3Flash__LinearNeutral,AAPL,0.00375,265
20260626,20260517,Google__Gemini3Flash__LinearNeutral,20260517__Google__Gemini3Flash__LinearNeutral,FITB,0.00330078,266
20260626,20260517,Google__Gemini3Flash__LinearNeutral,20260517__Google__Gemini3Flash__LinearNeutral,CHD,0.00318359,267
20260626,20260517,Google__Gemini3Flash__LinearNeutral,20260517__Google__Gemini3Flash__LinearNeutral,BRK-B,0.00300781,268
20260626,20260517,Google__Gemini3Flash__LinearNeutral,20260517__Google__Gemini3Flash__LinearNeutral,NDAQ,0.00201172,269
20260626,20260517,Google__Gemini3Flash__LinearNeutral,20260517__Google__Gemini3Flash__LinearNeutral,CIEN,0.00173828,270
20260626,20260517,Google__Gemini3Flash__LinearNeutral,20260517__Google__Gemini3Flash__LinearNeutral,CTVA,0.00121094,271
20260626,20260517,Google__Gemini3Flash__LinearNeutral,20260517__Google__Gemini3Flash__LinearNeutral,KHC,0.00113281,272
20260626,20260517,Google__Gemini3Flash__LinearNeutral,20260517__Google__Gemini3Flash__LinearNeutral,META,0.00052734,273
20260626,20260517,Google__Gemini3Flash__LinearNeutral,20260517__Google__Gemini3Flash__LinearNeutral,SBUX,-0.00136719,274
20260626,20260517,Google__Gemini3Flash__LinearNeutral,20260517__Google__Gemini3Flash__LinearNeutral,AMZN,-0.00142578,275
20260626,20260517,Google__Gemini3Flash__LinearNeutral,20260517__Google__Gemini3Flash__LinearNeutral,REG,-0.0015625,276
20260626,20260517,Google__Gemini3Flash__LinearNeutral,20260517__Google__Gemini3Flash__LinearNeutral,ISRG,-0.00207031,277
20260626,20260517,Google__Gemini3Flash__LinearNeutral,20260517__Google__Gemini3Flash__LinearNeutral,CTAS,-0.00238281,278
20260626,20260517,Google__Gemini3Flash__LinearNeutral,20260517__Google__Gemini3Flash__LinearNeutral,WEC,-0.00275391,279
20260626,20260517,Google__Gemini3Flash__LinearNeutral,20260517__Google__Gemini3Flash__LinearNeutral,UHS,-0.00292969,280
20260626,20260517,Google__Gemini3Flash__LinearNeutral,20260517__Google__Gemini3Flash__LinearNeutral,NWSA,-0.00333984,281
20260626,20260517,Google__Gemini3Flash__LinearNeutral,20260517__Google__Gemini3Flash__LinearNeutral,ECHO,-0.0034375,282
20260626,20260517,Google__Gemini3Flash__LinearNeutral,20260517__Google__Gemini3Flash__LinearNeutral,DECK,-0.00388672,283
20260626,20260517,Google__Gemini3Flash__LinearNeutral,20260517__Google__Gemini3Flash__LinearNeutral,CPAY,-0.00441406,284
20260626,20260517,Google__Gemini3Flash__LinearNeutral,20260517__Google__Gemini3Flash__LinearNeutral,VMC,-0.00533203,285
20260626,20260517,Google__Gemini3Flash__LinearNeutral,20260517__Google__Gemini3Flash__LinearNeutral,NI,-0.00548828,286
20260626,20260517,Google__Gemini3Flash__LinearNeutral,20260517__Google__Gemini3Flash__LinearNeutral,DVA,-0.00597656,287
20260626,20260517,Google__Gemini3Flash__LinearNeutral,20260517__Google__Gemini3Flash__LinearNeutral,A,-0.00666016,288
20260626,20260517,Google__Gemini3Flash__LinearNeutral,20260517__Google__Gemini3Flash__LinearNeutral,LDOS,-0.00691406,289
20260626,20260517,Google__Gemini3Flash__LinearNeutral,20260517__Google__Gemini3Flash__LinearNeutral,TSN,-0.00703125,290
20260626,20260517,Google__Gemini3Flash__LinearNeutral,20260517__Google__Gemini3Flash__LinearNeutral,EQT,-0.00773437,291
20260626,20260517,Google__Gemini3Flash__LinearNeutral,20260517__Google__Gemini3Flash__LinearNeutral,EW,-0.00804688,292
20260626,20260517,Google__Gemini3Flash__LinearNeutral,20260517__Google__Gemini3Flash__LinearNeutral,WM,-0.00808594,293
20260626,20260517,Google__Gemini3Flash__LinearNeutral,20260517__Google__Gemini3Flash__LinearNeutral,ELV,-0.00820312,294
20260626,20260517,Google__Gemini3Flash__LinearNeutral,20260517__Google__Gemini3Flash__LinearNeutral,GL,-0.00824219,295
20260626,20260517,Google__Gemini3Flash__LinearNeutral,20260517__Google__Gemini3Flash__LinearNeutral,AEP,-0.00832031,296
20260626,20260517,Google__Gemini3Flash__LinearNeutral,20260517__Google__Gemini3Flash__LinearNeutral,WST,-0.0084375,297
20260626,20260517,Google__Gemini3Flash__LinearNeutral,20260517__Google__Gemini3Flash__LinearNeutral,CNP,-0.00845703,298
20260626,20260517,Google__Gemini3Flash__LinearNeutral,20260517__Google__Gemini3Flash__LinearNeutral,T,-0.00957031,299
20260626,20260517,Google__Gemini3Flash__LinearNeutral,20260517__Google__Gemini3Flash__LinearNeutral,PPG,-0.01013672,300
20260626,20260517,Google__Gemini3Flash__LinearNeutral,20260517__Google__Gemini3Flash__LinearNeutral,TROW,-0.01056641,301
20260626,20260517,Google__Gemini3Flash__LinearNeutral,20260517__Google__Gemini3Flash__LinearNeutral,COF,-0.01105469,302
20260626,20260517,Google__Gemini3Flash__LinearNeutral,20260517__Google__Gemini3Flash__LinearNeutral,BX,-0.01150391,303
20260626,20260517,Google__Gemini3Flash__LinearNeutral,20260517__Google__Gemini3Flash__LinearNeutral,HONA,-0.01166016,304
20260626,20260517,Google__Gemini3Flash__LinearNeutral,20260517__Google__Gemini3Flash__LinearNeutral,PCG,-0.01175781,305
20260626,20260517,Google__Gemini3Flash__LinearNeutral,20260517__Google__Gemini3Flash__LinearNeutral,DXCM,-0.01193359,306
20260626,20260517,Google__Gemini3Flash__LinearNeutral,20260517__Google__Gemini3Flash__LinearNeutral,HSY,-0.01203125,307
20260626,20260517,Google__Gemini3Flash__LinearNeutral,20260517__Google__Gemini3Flash__LinearNeutral,CDNS,-0.01230469,308
20260626,20260517,Google__Gemini3Flash__LinearNeutral,20260517__Google__Gemini3Flash__LinearNeutral,KO,-0.01263672,309
20260626,20260517,Google__Gemini3Flash__LinearNeutral,20260517__Google__Gemini3Flash__LinearNeutral,RSG,-0.01275391,310
20260626,20260517,Google__Gemini3Flash__LinearNeutral,20260517__Google__Gemini3Flash__LinearNeutral,AVY,-0.01289062,311
20260626,20260517,Google__Gemini3Flash__LinearNeutral,20260517__Google__Gemini3Flash__LinearNeutral,STZ,-0.01314453,312
20260626,20260517,Google__Gemini3Flash__LinearNeutral,20260517__Google__Gemini3Flash__LinearNeutral,WSM,-0.01330078,313
20260626,20260517,Google__Gemini3Flash__LinearNeutral,20260517__Google__Gemini3Flash__LinearNeutral,SYF,-0.01357422,314
20260626,20260517,Google__Gemini3Flash__LinearNeutral,20260517__Google__Gemini3Flash__LinearNeutral,V,-0.01429688,315
20260626,20260517,Google__Gemini3Flash__LinearNeutral,20260517__Google__Gemini3Flash__LinearNeutral,AMGN,-0.01433594,316
20260626,20260517,Google__Gemini3Flash__LinearNeutral,20260517__Google__Gemini3Flash__LinearNeutral,AMCR,-0.0153125,317
20260626,20260517,Google__Gemini3Flash__LinearNeutral,20260517__Google__Gemini3Flash__LinearNeutral,PNR,-0.01570312,318
20260626,20260517,Google__Gemini3Flash__LinearNeutral,20260517__Google__Gemini3Flash__LinearNeutral,LH,-0.01578125,319
20260626,20260517,Google__Gemini3Flash__LinearNeutral,20260517__Google__Gemini3Flash__LinearNeutral,HSIC,-0.01607422,320
20260626,20260517,Google__Gemini3Flash__LinearNeutral,20260517__Google__Gemini3Flash__LinearNeutral,FTNT,-0.01621094,321
20260626,20260517,Google__Gemini3Flash__LinearNeutral,20260517__Google__Gemini3Flash__LinearNeutral,L,-0.01628906,322
20260626,20260517,Google__Gemini3Flash__LinearNeutral,20260517__Google__Gemini3Flash__LinearNeutral,TXT,-0.01642578,323
20260626,20260517,Google__Gemini3Flash__LinearNeutral,20260517__Google__Gemini3Flash__LinearNeutral,RCL,-0.01667969,324
20260626,20260517,Google__Gemini3Flash__LinearNeutral,20260517__Google__Gemini3Flash__LinearNeutral,TGT,-0.01757813,325
20260626,20260517,Google__Gemini3Flash__LinearNeutral,20260517__Google__Gemini3Flash__LinearNeutral,PSKY,-0.01779297,326
20260626,20260517,Google__Gemini3Flash__LinearNeutral,20260517__Google__Gemini3Flash__LinearNeutral,REGN,-0.01808594,327
20260626,20260517,Google__Gemini3Flash__LinearNeutral,20260517__Google__Gemini3Flash__LinearNeutral,GILD,-0.01820313,328
20260626,20260517,Google__Gemini3Flash__LinearNeutral,20260517__Google__Gemini3Flash__LinearNeutral,SYY,-0.01835938,329
20260626,20260517,Google__Gemini3Flash__LinearNeutral,20260517__Google__Gemini3Flash__LinearNeutral,MA,-0.01939453,330
20260626,20260517,Google__Gemini3Flash__LinearNeutral,20260517__Google__Gemini3Flash__LinearNeutral,DGX,-0.01966797,331
20260626,20260517,Google__Gemini3Flash__LinearNeutral,20260517__Google__Gemini3Flash__LinearNeutral,DHI,-0.02001953,332
20260626,20260517,Google__Gemini3Flash__LinearNeutral,20260517__Google__Gemini3Flash__LinearNeutral,HON,-0.02054688,333
20260626,20260517,Google__Gemini3Flash__LinearNeutral,20260517__Google__Gemini3Flash__LinearNeutral,BF-B,-0.02068359,334
20260626,20260517,Google__Gemini3Flash__LinearNeutral,20260517__Google__Gemini3Flash__LinearNeutral,BR,-0.02080078,335
20260626,20260517,Google__Gemini3Flash__LinearNeutral,20260517__Google__Gemini3Flash__LinearNeutral,ECL,-0.02126953,336
20260626,20260517,Google__Gemini3Flash__LinearNeutral,20260517__Google__Gemini3Flash__LinearNeutral,BBY,-0.02138672,337
20260626,20260517,Google__Gemini3Flash__LinearNeutral,20260517__Google__Gemini3Flash__LinearNeutral,J,-0.02203125,338
20260626,20260517,Google__Gemini3Flash__LinearNeutral,20260517__Google__Gemini3Flash__LinearNeutral,DOC,-0.02212891,339
20260626,20260517,Google__Gemini3Flash__LinearNeutral,20260517__Google__Gemini3Flash__LinearNeutral,VICI,-0.02214844,340
20260626,20260517,Google__Gemini3Flash__LinearNeutral,20260517__Google__Gemini3Flash__LinearNeutral,LEN,-0.02242187,341
20260626,20260517,Google__Gemini3Flash__LinearNeutral,20260517__Google__Gemini3Flash__LinearNeutral,MCO,-0.02255859,342
20260626,20260517,Google__Gemini3Flash__LinearNeutral,20260517__Google__Gemini3Flash__LinearNeutral,YUM,-0.02482422,343
20260626,20260517,Google__Gemini3Flash__LinearNeutral,20260517__Google__Gemini3Flash__LinearNeutral,FIS,-0.02498047,344
20260626,20260517,Google__Gemini3Flash__LinearNeutral,20260517__Google__Gemini3Flash__LinearNeutral,MDT,-0.02505859,345
20260626,20260517,Google__Gemini3Flash__LinearNeutral,20260517__Google__Gemini3Flash__LinearNeutral,KVUE,-0.02535156,346
20260626,20260517,Google__Gemini3Flash__LinearNeutral,20260517__Google__Gemini3Flash__LinearNeutral,HCA,-0.02566406,347
20260626,20260517,Google__Gemini3Flash__LinearNeutral,20260517__Google__Gemini3Flash__LinearNeutral,GLW,-0.02580078,348
20260626,20260517,Google__Gemini3Flash__LinearNeutral,20260517__Google__Gemini3Flash__LinearNeutral,ES,-0.02626953,349
20260626,20260517,Google__Gemini3Flash__LinearNeutral,20260517__Google__Gemini3Flash__LinearNeutral,MAA,-0.02642578,350
20260626,20260517,Google__Gemini3Flash__LinearNeutral,20260517__Google__Gemini3Flash__LinearNeutral,UDR,-0.02716797,351
20260626,20260517,Google__Gemini3Flash__LinearNeutral,20260517__Google__Gemini3Flash__LinearNeutral,MAS,-0.02742187,352
20260626,20260517,Google__Gemini3Flash__LinearNeutral,20260517__Google__Gemini3Flash__LinearNeutral,SWK,-0.02771484,353
20260626,20260517,Google__Gemini3Flash__LinearNeutral,20260517__Google__Gemini3Flash__LinearNeutral,LII,-0.02796875,354
20260626,20260517,Google__Gemini3Flash__LinearNeutral,20260517__Google__Gemini3Flash__LinearNeutral,CPT,-0.02802734,355
20260626,20260517,Google__Gemini3Flash__LinearNeutral,20260517__Google__Gemini3Flash__LinearNeutral,UNH,-0.02820313,356
20260626,20260517,Google__Gemini3Flash__LinearNeutral,20260517__Google__Gemini3Flash__LinearNeutral,TRMB,-0.02824219,357
20260626,20260517,Google__Gemini3Flash__LinearNeutral,20260517__Google__Gemini3Flash__LinearNeutral,INVH,-0.02859375,358
20260626,20260517,Google__Gemini3Flash__LinearNeutral,20260517__Google__Gemini3Flash__LinearNeutral,ORLY,-0.02949219,359
20260626,20260517,Google__Gemini3Flash__LinearNeutral,20260517__Google__Gemini3Flash__LinearNeutral,BALL,-0.03015625,360
20260626,20260517,Google__Gemini3Flash__LinearNeutral,20260517__Google__Gemini3Flash__LinearNeutral,CPRT,-0.03037109,361
20260626,20260517,Google__Gemini3Flash__LinearNeutral,20260517__Google__Gemini3Flash__LinearNeutral,TTWO,-0.03070313,362
20260626,20260517,Google__Gemini3Flash__LinearNeutral,20260517__Google__Gemini3Flash__LinearNeutral,CAH,-0.03101563,363
20260626,20260517,Google__Gemini3Flash__LinearNeutral,20260517__Google__Gemini3Flash__LinearNeutral,HIG,-0.03117188,364
20260626,20260517,Google__Gemini3Flash__LinearNeutral,20260517__Google__Gemini3Flash__LinearNeutral,CB,-0.03130859,365
20260626,20260517,Google__Gemini3Flash__LinearNeutral,20260517__Google__Gemini3Flash__LinearNeutral,CMCSA,-0.03220703,366
20260626,20260517,Google__Gemini3Flash__LinearNeutral,20260517__Google__Gemini3Flash__LinearNeutral,LYV,-0.03234375,367
20260626,20260517,Google__Gemini3Flash__LinearNeutral,20260517__Google__Gemini3Flash__LinearNeutral,DAL,-0.03240234,368
20260626,20260517,Google__Gemini3Flash__LinearNeutral,20260517__Google__Gemini3Flash__LinearNeutral,ESS,-0.03259766,369
20260626,20260517,Google__Gemini3Flash__LinearNeutral,20260517__Google__Gemini3Flash__LinearNeutral,NFLX,-0.03269531,370
20260626,20260517,Google__Gemini3Flash__LinearNeutral,20260517__Google__Gemini3Flash__LinearNeutral,ULTA,-0.03300781,371
20260626,20260517,Google__Gemini3Flash__LinearNeutral,20260517__Google__Gemini3Flash__LinearNeutral,ALGN,-0.03318359,372
20260626,20260517,Google__Gemini3Flash__LinearNeutral,20260517__Google__Gemini3Flash__LinearNeutral,FOXA,-0.03451172,373
20260626,20260517,Google__Gemini3Flash__LinearNeutral,20260517__Google__Gemini3Flash__LinearNeutral,VLO,-0.03486328,374
20260626,20260517,Google__Gemini3Flash__LinearNeutral,20260517__Google__Gemini3Flash__LinearNeutral,ABT,-0.03580078,375
20260626,20260517,Google__Gemini3Flash__LinearNeutral,20260517__Google__Gemini3Flash__LinearNeutral,IR,-0.03591797,376
20260626,20260517,Google__Gemini3Flash__LinearNeutral,20260517__Google__Gemini3Flash__LinearNeutral,LUV,-0.03609375,377
20260626,20260517,Google__Gemini3Flash__LinearNeutral,20260517__Google__Gemini3Flash__LinearNeutral,CCL,-0.03695312,378
20260626,20260517,Google__Gemini3Flash__LinearNeutral,20260517__Google__Gemini3Flash__LinearNeutral,AMT,-0.03791016,379
20260626,20260517,Google__Gemini3Flash__LinearNeutral,20260517__Google__Gemini3Flash__LinearNeutral,NVR,-0.03810547,380
20260626,20260517,Google__Gemini3Flash__LinearNeutral,20260517__Google__Gemini3Flash__LinearNeutral,CRWD,-0.03873047,381
20260626,20260517,Google__Gemini3Flash__LinearNeutral,20260517__Google__Gemini3Flash__LinearNeutral,CMS,-0.03908203,382
20260626,20260517,Google__Gemini3Flash__LinearNeutral,20260517__Google__Gemini3Flash__LinearNeutral,HRL,-0.03966797,383
20260626,20260517,Google__Gemini3Flash__LinearNeutral,20260517__Google__Gemini3Flash__LinearNeutral,HD,-0.03994141,384
20260626,20260517,Google__Gemini3Flash__LinearNeutral,20260517__Google__Gemini3Flash__LinearNeutral,SPGI,-0.04019531,385
20260626,20260517,Google__Gemini3Flash__LinearNeutral,20260517__Google__Gemini3Flash__LinearNeutral,ROP,-0.04029297,386
20260626,20260517,Google__Gemini3Flash__LinearNeutral,20260517__Google__Gemini3Flash__LinearNeutral,WTW,-0.04052734,387
20260626,20260517,Google__Gemini3Flash__LinearNeutral,20260517__Google__Gemini3Flash__LinearNeutral,AWK,-0.04117187,388
20260626,20260517,Google__Gemini3Flash__LinearNeutral,20260517__Google__Gemini3Flash__LinearNeutral,ZBH,-0.04150391,389
20260626,20260517,Google__Gemini3Flash__LinearNeutral,20260517__Google__Gemini3Flash__LinearNeutral,CCI,-0.04236328,390
20260626,20260517,Google__Gemini3Flash__LinearNeutral,20260517__Google__Gemini3Flash__LinearNeutral,FOX,-0.04273437,391
20260626,20260517,Google__Gemini3Flash__LinearNeutral,20260517__Google__Gemini3Flash__LinearNeutral,STE,-0.04328125,392
20260626,20260517,Google__Gemini3Flash__LinearNeutral,20260517__Google__Gemini3Flash__LinearNeutral,VTR,-0.04328125,393
20260626,20260517,Google__Gemini3Flash__LinearNeutral,20260517__Google__Gemini3Flash__LinearNeutral,CNC,-0.04337891,394
20260626,20260517,Google__Gemini3Flash__LinearNeutral,20260517__Google__Gemini3Flash__LinearNeutral,TAP,-0.04337891,395
20260626,20260517,Google__Gemini3Flash__LinearNeutral,20260517__Google__Gemini3Flash__LinearNeutral,ACGL,-0.04355469,396
20260626,20260517,Google__Gemini3Flash__LinearNeutral,20260517__Google__Gemini3Flash__LinearNeutral,CTSH,-0.04388672,397
20260626,20260517,Google__Gemini3Flash__LinearNeutral,20260517__Google__Gemini3Flash__LinearNeutral,IP,-0.04414063,398
20260626,20260517,Google__Gemini3Flash__LinearNeutral,20260517__Google__Gemini3Flash__LinearNeutral,AEE,-0.04546875,399
20260626,20260517,Google__Gemini3Flash__LinearNeutral,20260517__Google__Gemini3Flash__LinearNeutral,AZO,-0.04619141,400
20260626,20260517,Google__Gemini3Flash__LinearNeutral,20260517__Google__Gemini3Flash__LinearNeutral,TRV,-0.04664062,401
20260626,20260517,Google__Gemini3Flash__LinearNeutral,20260517__Google__Gemini3Flash__LinearNeutral,PLTR,-0.04714844,402
20260626,20260517,Google__Gemini3Flash__LinearNeutral,20260517__Google__Gemini3Flash__LinearNeutral,ADP,-0.04736328,403
20260626,20260517,Google__Gemini3Flash__LinearNeutral,20260517__Google__Gemini3Flash__LinearNeutral,AOS,-0.04824219,404
20260626,20260517,Google__Gemini3Flash__LinearNeutral,20260517__Google__Gemini3Flash__LinearNeutral,GEHC,-0.04904297,405
20260626,20260517,Google__Gemini3Flash__LinearNeutral,20260517__Google__Gemini3Flash__LinearNeutral,RMD,-0.04978516,406
20260626,20260517,Google__Gemini3Flash__LinearNeutral,20260517__Google__Gemini3Flash__LinearNeutral,CLX,-0.04988281,407
20260626,20260517,Google__Gemini3Flash__LinearNeutral,20260517__Google__Gemini3Flash__LinearNeutral,DPZ,-0.05001953,408
20260626,20260517,Google__Gemini3Flash__LinearNeutral,20260517__Google__Gemini3Flash__LinearNeutral,APP,-0.05037109,409
20260626,20260517,Google__Gemini3Flash__LinearNeutral,20260517__Google__Gemini3Flash__LinearNeutral,TPL,-0.05095703,410
20260626,20260517,Google__Gemini3Flash__LinearNeutral,20260517__Google__Gemini3Flash__LinearNeutral,BMY,-0.05115234,411
20260626,20260517,Google__Gemini3Flash__LinearNeutral,20260517__Google__Gemini3Flash__LinearNeutral,CBRE,-0.05197266,412
20260626,20260517,Google__Gemini3Flash__LinearNeutral,20260517__Google__Gemini3Flash__LinearNeutral,COIN,-0.05275391,413
20260626,20260517,Google__Gemini3Flash__LinearNeutral,20260517__Google__Gemini3Flash__LinearNeutral,BXP,-0.05380859,414
20260626,20260517,Google__Gemini3Flash__LinearNeutral,20260517__Google__Gemini3Flash__LinearNeutral,AON,-0.05386719,415
20260626,20260517,Google__Gemini3Flash__LinearNeutral,20260517__Google__Gemini3Flash__LinearNeutral,SOLV,-0.05449219,416
20260626,20260517,Google__Gemini3Flash__LinearNeutral,20260517__Google__Gemini3Flash__LinearNeutral,MOS,-0.05460938,417
20260626,20260517,Google__Gemini3Flash__LinearNeutral,20260517__Google__Gemini3Flash__LinearNeutral,WELL,-0.05472656,418
20260626,20260517,Google__Gemini3Flash__LinearNeutral,20260517__Google__Gemini3Flash__LinearNeutral,RVTY,-0.05488281,419
20260626,20260517,Google__Gemini3Flash__LinearNeutral,20260517__Google__Gemini3Flash__LinearNeutral,SJM,-0.05523438,420
20260626,20260517,Google__Gemini3Flash__LinearNeutral,20260517__Google__Gemini3Flash__LinearNeutral,JNJ,-0.05527344,421
20260626,20260517,Google__Gemini3Flash__LinearNeutral,20260517__Google__Gemini3Flash__LinearNeutral,MRSH,-0.05552734,422
20260626,20260517,Google__Gemini3Flash__LinearNeutral,20260517__Google__Gemini3Flash__LinearNeutral,TSCO,-0.05580078,423
20260626,20260517,Google__Gemini3Flash__LinearNeutral,20260517__Google__Gemini3Flash__LinearNeutral,CINF,-0.05787109,424
20260626,20260517,Google__Gemini3Flash__LinearNeutral,20260517__Google__Gemini3Flash__LinearNeutral,WRB,-0.05800781,425
20260626,20260517,Google__Gemini3Flash__LinearNeutral,20260517__Google__Gemini3Flash__LinearNeutral,ABNB,-0.05824219,426
20260626,20260517,Google__Gemini3Flash__LinearNeutral,20260517__Google__Gemini3Flash__LinearNeutral,MGM,-0.05826172,427
20260626,20260517,Google__Gemini3Flash__LinearNeutral,20260517__Google__Gemini3Flash__LinearNeutral,MSFT,-0.05828125,428
20260626,20260517,Google__Gemini3Flash__LinearNeutral,20260517__Google__Gemini3Flash__LinearNeutral,KMB,-0.05851563,429
20260626,20260517,Google__Gemini3Flash__LinearNeutral,20260517__Google__Gemini3Flash__LinearNeutral,HUM,-0.05875,430
20260626,20260517,Google__Gemini3Flash__LinearNeutral,20260517__Google__Gemini3Flash__LinearNeutral,MRK,-0.05982422,431
20260626,20260517,Google__Gemini3Flash__LinearNeutral,20260517__Google__Gemini3Flash__LinearNeutral,SW,-0.06017578,432
20260626,20260517,Google__Gemini3Flash__LinearNeutral,20260517__Google__Gemini3Flash__LinearNeutral,ALLE,-0.06023437,433
20260626,20260517,Google__Gemini3Flash__LinearNeutral,20260517__Google__Gemini3Flash__LinearNeutral,EG,-0.06179688,434
20260626,20260517,Google__Gemini3Flash__LinearNeutral,20260517__Google__Gemini3Flash__LinearNeutral,PTC,-0.06199219,435
20260626,20260517,Google__Gemini3Flash__LinearNeutral,20260517__Google__Gemini3Flash__LinearNeutral,PAYX,-0.06232422,436
20260626,20260517,Google__Gemini3Flash__LinearNeutral,20260517__Google__Gemini3Flash__LinearNeutral,TMO,-0.06248047,437
20260626,20260517,Google__Gemini3Flash__LinearNeutral,20260517__Google__Gemini3Flash__LinearNeutral,GIS,-0.06417969,438
20260626,20260517,Google__Gemini3Flash__LinearNeutral,20260517__Google__Gemini3Flash__LinearNeutral,VMRK,-0.06462891,439
20260626,20260517,Google__Gemini3Flash__LinearNeutral,20260517__Google__Gemini3Flash__LinearNeutral,COO,-0.06519531,440
20260626,20260517,Google__Gemini3Flash__LinearNeutral,20260517__Google__Gemini3Flash__LinearNeutral,BDX,-0.06566406,441
20260626,20260517,Google__Gemini3Flash__LinearNeutral,20260517__Google__Gemini3Flash__LinearNeutral,RDDT,-0.06644531,442
20260626,20260517,Google__Gemini3Flash__LinearNeutral,20260517__Google__Gemini3Flash__LinearNeutral,DDOG,-0.06691406,443
20260626,20260517,Google__Gemini3Flash__LinearNeutral,20260517__Google__Gemini3Flash__LinearNeutral,GEN,-0.06755859,444
20260626,20260517,Google__Gemini3Flash__LinearNeutral,20260517__Google__Gemini3Flash__LinearNeutral,NCLH,-0.06757813,445
20260626,20260517,Google__Gemini3Flash__LinearNeutral,20260517__Google__Gemini3Flash__LinearNeutral,UAL,-0.06814453,446
20260626,20260517,Google__Gemini3Flash__LinearNeutral,20260517__Google__Gemini3Flash__LinearNeutral,DG,-0.06898437,447
20260626,20260517,Google__Gemini3Flash__LinearNeutral,20260517__Google__Gemini3Flash__LinearNeutral,ADSK,-0.07140625,448
20260626,20260517,Google__Gemini3Flash__LinearNeutral,20260517__Google__Gemini3Flash__LinearNeutral,ACN,-0.07185547,449
20260626,20260517,Google__Gemini3Flash__LinearNeutral,20260517__Google__Gemini3Flash__LinearNeutral,PHM,-0.071875,450
20260626,20260517,Google__Gemini3Flash__LinearNeutral,20260517__Google__Gemini3Flash__LinearNeutral,MTD,-0.07257813,451
20260626,20260517,Google__Gemini3Flash__LinearNeutral,20260517__Google__Gemini3Flash__LinearNeutral,KDP,-0.07267578,452
20260626,20260517,Google__Gemini3Flash__LinearNeutral,20260517__Google__Gemini3Flash__LinearNeutral,VLTO,-0.07269531,453
20260626,20260517,Google__Gemini3Flash__LinearNeutral,20260517__Google__Gemini3Flash__LinearNeutral,SHW,-0.0731543,454
20260626,20260517,Google__Gemini3Flash__LinearNeutral,20260517__Google__Gemini3Flash__LinearNeutral,CSGP,-0.07339844,455
20260626,20260517,Google__Gemini3Flash__LinearNeutral,20260517__Google__Gemini3Flash__LinearNeutral,GPN,-0.07373047,456
20260626,20260517,Google__Gemini3Flash__LinearNeutral,20260517__Google__Gemini3Flash__LinearNeutral,VRTX,-0.07376953,457
20260626,20260517,Google__Gemini3Flash__LinearNeutral,20260517__Google__Gemini3Flash__LinearNeutral,PANW,-0.07457031,458
20260626,20260517,Google__Gemini3Flash__LinearNeutral,20260517__Google__Gemini3Flash__LinearNeutral,TTD,-0.07800781,459
20260626,20260517,Google__Gemini3Flash__LinearNeutral,20260517__Google__Gemini3Flash__LinearNeutral,ALL,-0.07822266,460
20260626,20260517,Google__Gemini3Flash__LinearNeutral,20260517__Google__Gemini3Flash__LinearNeutral,DHR,-0.07919922,461
20260626,20260517,Google__Gemini3Flash__LinearNeutral,20260517__Google__Gemini3Flash__LinearNeutral,EFX,-0.07970703,462
20260626,20260517,Google__Gemini3Flash__LinearNeutral,20260517__Google__Gemini3Flash__LinearNeutral,VRSK,-0.08058594,463
20260626,20260517,Google__Gemini3Flash__LinearNeutral,20260517__Google__Gemini3Flash__LinearNeutral,ADBE,-0.08337891,464
20260626,20260517,Google__Gemini3Flash__LinearNeutral,20260517__Google__Gemini3Flash__LinearNeutral,FISV,-0.08357422,465
20260626,20260517,Google__Gemini3Flash__LinearNeutral,20260517__Google__Gemini3Flash__LinearNeutral,INTU,-0.08382813,466
20260626,20260517,Google__Gemini3Flash__LinearNeutral,20260517__Google__Gemini3Flash__LinearNeutral,HOOD,-0.08484375,467
20260626,20260517,Google__Gemini3Flash__LinearNeutral,20260517__Google__Gemini3Flash__LinearNeutral,GPC,-0.08517578,468
20260626,20260517,Google__Gemini3Flash__LinearNeutral,20260517__Google__Gemini3Flash__LinearNeutral,XYZ,-0.08566406,469
20260626,20260517,Google__Gemini3Flash__LinearNeutral,20260517__Google__Gemini3Flash__LinearNeutral,PYPL,-0.08794922,470
20260626,20260517,Google__Gemini3Flash__LinearNeutral,20260517__Google__Gemini3Flash__LinearNeutral,CRL,-0.08837891,471
20260626,20260517,Google__Gemini3Flash__LinearNeutral,20260517__Google__Gemini3Flash__LinearNeutral,CRM,-0.08845703,472
20260626,20260517,Google__Gemini3Flash__LinearNeutral,20260517__Google__Gemini3Flash__LinearNeutral,NOW,-0.08886719,473
20260626,20260517,Google__Gemini3Flash__LinearNeutral,20260517__Google__Gemini3Flash__LinearNeutral,CHTR,-0.08894531,474
20260626,20260517,Google__Gemini3Flash__LinearNeutral,20260517__Google__Gemini3Flash__LinearNeutral,AJG,-0.08919922,475
20260626,20260517,Google__Gemini3Flash__LinearNeutral,20260517__Google__Gemini3Flash__LinearNeutral,CDW,-0.089375,476
20260626,20260517,Google__Gemini3Flash__LinearNeutral,20260517__Google__Gemini3Flash__LinearNeutral,BIIB,-0.09228516,477
20260626,20260517,Google__Gemini3Flash__LinearNeutral,20260517__Google__Gemini3Flash__LinearNeutral,LLY,-0.09248047,478
20260626,20260517,Google__Gemini3Flash__LinearNeutral,20260517__Google__Gemini3Flash__LinearNeutral,TECH,-0.09330078,479
20260626,20260517,Google__Gemini3Flash__LinearNeutral,20260517__Google__Gemini3Flash__LinearNeutral,BLDR,-0.09335938,480
20260626,20260517,Google__Gemini3Flash__LinearNeutral,20260517__Google__Gemini3Flash__LinearNeutral,TKO,-0.09476563,481
20260626,20260517,Google__Gemini3Flash__LinearNeutral,20260517__Google__Gemini3Flash__LinearNeutral,IQV,-0.09523438,482
20260626,20260517,Google__Gemini3Flash__LinearNeutral,20260517__Google__Gemini3Flash__LinearNeutral,FICO,-0.09537109,483
20260626,20260517,Google__Gemini3Flash__LinearNeutral,20260517__Google__Gemini3Flash__LinearNeutral,BAX,-0.09673828,484
20260626,20260517,Google__Gemini3Flash__LinearNeutral,20260517__Google__Gemini3Flash__LinearNeutral,ZBRA,-0.09699219,485
20260626,20260517,Google__Gemini3Flash__LinearNeutral,20260517__Google__Gemini3Flash__LinearNeutral,IT,-0.09742188,486
20260626,20260517,Google__Gemini3Flash__LinearNeutral,20260517__Google__Gemini3Flash__LinearNeutral,MRNA,-0.10050781,487
20260626,20260517,Google__Gemini3Flash__LinearNeutral,20260517__Google__Gemini3Flash__LinearNeutral,IBM,-0.10230469,488
20260626,20260517,Google__Gemini3Flash__LinearNeutral,20260517__Google__Gemini3Flash__LinearNeutral,JKHY,-0.10308594,489
20260626,20260517,Google__Gemini3Flash__LinearNeutral,20260517__Google__Gemini3Flash__LinearNeutral,FDS,-0.10322266,490
20260626,20260517,Google__Gemini3Flash__LinearNeutral,20260517__Google__Gemini3Flash__LinearNeutral,ABBV,-0.10392578,491
20260626,20260517,Google__Gemini3Flash__LinearNeutral,20260517__Google__Gemini3Flash__LinearNeutral,CMG,-0.10394531,492
20260626,20260517,Google__Gemini3Flash__LinearNeutral,20260517__Google__Gemini3Flash__LinearNeutral,ARE,-0.10429687,493
20260626,20260517,Google__Gemini3Flash__LinearNeutral,20260517__Google__Gemini3Flash__LinearNeutral,NRG,-0.10564453,494
20260626,20260517,Google__Gemini3Flash__LinearNeutral,20260517__Google__Gemini3Flash__LinearNeutral,TYL,-0.10640625,495
20260626,20260517,Google__Gemini3Flash__LinearNeutral,20260517__Google__Gemini3Flash__LinearNeutral,PGR,-0.10644531,496
20260626,20260517,Google__Gemini3Flash__LinearNeutral,20260517__Google__Gemini3Flash__LinearNeutral,SYK,-0.10669922,497
20260626,20260517,Google__Gemini3Flash__LinearNeutral,20260517__Google__Gemini3Flash__LinearNeutral,LULU,-0.10683594,498
20260626,20260517,Google__Gemini3Flash__LinearNeutral,20260517__Google__Gemini3Flash__LinearNeutral,BKNG,-0.10755859,499
20260626,20260517,Google__Gemini3Flash__LinearNeutral,20260517__Google__Gemini3Flash__LinearNeutral,WDAY,-0.10757812,500
20260626,20260517,Google__Gemini3Flash__LinearNeutral,20260517__Google__Gemini3Flash__LinearNeutral,EXPE,-0.11509766,501
20260626,20260517,Google__Gemini3Flash__LinearNeutral,20260517__Google__Gemini3Flash__LinearNeutral,AXON,-0.11701172,502
20260626,20260517,Google__Gemini3Flash__LinearNeutral,20260517__Google__Gemini3Flash__LinearNeutral,INCY,-0.11939453,503
20260626,20260517,Google__Gemini3Flash__LinearNeutral,20260517__Google__Gemini3Flash__LinearNeutral,ERIE,-0.12017578,504
20260626,20260517,Google__Gemini3Flash__LinearNeutral,20260517__Google__Gemini3Flash__LinearNeutral,MKC,-0.12087891,505
20260626,20260517,Google__Gemini3Flash__LinearNeutral,20260517__Google__Gemini3Flash__LinearNeutral,BRO,-0.12103516,506
20260626,20260517,Google__Gemini3Flash__LinearNeutral,20260517__Google__Gemini3Flash__LinearNeutral,DLTR,-0.1225,507
20260626,20260517,Google__Gemini3Flash__LinearNeutral,20260517__Google__Gemini3Flash__LinearNeutral,VEEV,-0.12521484,508
20260626,20260517,Google__Gemini3Flash__LinearNeutral,20260517__Google__Gemini3Flash__LinearNeutral,UBER,-0.12572266,509
20260626,20260517,Google__Gemini3Flash__LinearNeutral,20260517__Google__Gemini3Flash__LinearNeutral,PODD,-0.12804688,510
20260626,20260517,Google__Gemini3Flash__LinearNeutral,20260517__Google__Gemini3Flash__LinearNeutral,DASH,-0.13554688,511
20260626,20260517,Google__Gemini3Flash__LinearNeutral,20260517__Google__Gemini3Flash__LinearNeutral,GDDY,-0.14503906,512
